order_id,customer_id,product_id,quantity,unit_price,order_date,shipping_address,payment_method,order_status,shipping_method
1,1,1,94,331.4,8/20/2021,47722 Dwight Point,Cash,Pending,Express
2,2,2,38,92.85,9/5/2021,265 Eggendart Street,Credit Card,Pending,Next Day
3,3,3,87,445.24,9/1/2021,9 Leroy Drive,PayPal,Delivered,Express
4,4,4,6,335.01,10/1/2021,86 Arapahoe Avenue,Cash,Pending,Standard
5,5,5,90,344.18,6/25/2021,07498 Kensington Terrace,Credit Card,Pending,Express
6,6,6,42,382.88,3/21/2021,02 Pennsylvania Hill,Credit Card,Pending,Next Day
7,7,7,91,122.37,5/6/2021,07 Sunfield Way,Credit Card,Pending,Express
8,8,8,87,730.09,10/9/2021,65495 Pleasure Terrace,PayPal,Pending,Standard
9,9,9,60,507.62,8/23/2021,5 Clarendon Trail,PayPal,Delivered,Express
10,10,10,67,965.49,12/10/2021,63379 Sugar Point,PayPal,Pending,Next Day
11,11,11,62,999.18,1/22/2021,34000 Hanover Way,Credit Card,Pending,Standard
12,12,12,3,714.21,5/30/2021,95569 Blue Bill Park Avenue,Cash,Delivered,Next Day
13,13,13,65,196.52,3/29/2021,909 Sachs Road,Credit Card,Pending,Next Day
14,14,14,39,693.67,12/29/2021,8 1st Way,Credit Card,Pending,Express
15,15,15,14,903.95,2/23/2021,25 Heffernan Terrace,PayPal,Pending,Standard
16,16,16,28,468.45,12/29/2021,53989 Blue Bill Park Trail,Credit Card,Shipped,Express
17,17,17,8,798.4,5/15/2021,4967 Calypso Drive,Credit Card,Shipped,Standard
18,18,18,66,523.52,2/26/2021,40784 Hansons Pass,Cash,Pending,Next Day
19,19,19,86,464.77,12/21/2021,868 Farmco Hill,Credit Card,Shipped,Express
20,20,20,73,626.73,4/21/2021,3 Melrose Crossing,PayPal,Pending,Express
21,21,21,95,614.79,5/24/2021,1977 Burrows Parkway,PayPal,Pending,Express
22,22,22,57,474.63,4/8/2021,471 Thierer Avenue,PayPal,Pending,Next Day
23,23,23,34,766.97,6/3/2021,9128 Spaight Plaza,PayPal,Delivered,Express
24,24,24,23,566.54,1/30/2021,605 Veith Pass,Credit Card,Pending,Standard
25,25,25,70,587.71,12/24/2021,995 Monica Place,Cash,Pending,Next Day
26,26,26,29,678.05,4/1/2021,281 Sycamore Place,Credit Card,Delivered,Next Day
27,27,27,36,554.28,8/3/2021,965 Eliot Junction,PayPal,Pending,Standard
28,28,28,58,207.53,3/8/2021,36097 Commercial Point,Cash,Shipped,Express
29,29,29,59,142.36,9/30/2021,88 New Castle Plaza,Credit Card,Pending,Standard
30,30,30,27,865.21,6/27/2021,1276 Chive Street,PayPal,Pending,Standard
31,31,31,91,125.73,9/2/2021,9 Bayside Junction,PayPal,Pending,Next Day
32,32,32,66,94.79,5/6/2021,151 Quincy Way,Cash,Delivered,Express
33,33,33,3,949.61,9/1/2021,9760 Vidon Alley,Cash,Shipped,Standard
34,34,34,8,749.32,3/18/2021,7 Fremont Terrace,Credit Card,Shipped,Standard
35,35,35,31,369.28,5/14/2021,9 Eagle Crest Street,Cash,Pending,Next Day
36,36,36,22,646.61,4/7/2021,121 Monica Crossing,Credit Card,Pending,Standard
37,37,37,12,636.23,9/17/2021,860 Oneill Alley,PayPal,Pending,Standard
38,38,38,66,163.84,2/28/2021,3 Nelson Place,Credit Card,Pending,Next Day
39,39,39,50,772.51,5/30/2021,0875 Buena Vista Plaza,PayPal,Pending,Express
40,40,40,83,908.68,5/30/2021,95 Twin Pines Center,PayPal,Shipped,Standard
41,41,41,22,955.32,1/25/2021,9 Sommers Crossing,Cash,Shipped,Standard
42,42,42,22,628.2,6/13/2021,959 Fairfield Hill,Credit Card,Delivered,Standard
43,43,43,80,894.94,7/20/2021,5641 Sherman Park,PayPal,Delivered,Express
44,44,44,29,216.25,8/14/2021,7 Aberg Terrace,Cash,Shipped,Express
45,45,45,99,314.15,10/23/2021,33124 Harbort Road,Credit Card,Pending,Standard
46,46,46,17,195.93,12/11/2021,6477 Claremont Trail,Cash,Pending,Next Day
47,47,47,63,816.61,3/22/2021,3605 Eastwood Trail,Credit Card,Delivered,Next Day
48,48,48,85,453.1,6/10/2021,2 Londonderry Parkway,PayPal,Shipped,Next Day
49,49,49,35,349.05,11/4/2021,93586 Fair Oaks Pass,PayPal,Shipped,Next Day
50,50,50,40,140.68,2/17/2021,46618 Miller Avenue,Cash,Delivered,Express
51,51,51,64,889.21,4/29/2021,00119 Kipling Hill,Credit Card,Pending,Next Day
52,52,52,29,276.15,7/21/2021,15723 Nelson Hill,Cash,Delivered,Next Day
53,53,53,25,46.6,4/16/2021,7698 Arrowood Alley,Cash,Pending,Next Day
54,54,54,84,167.79,8/15/2021,2 Merchant Crossing,Credit Card,Delivered,Next Day
55,55,55,55,945.39,6/22/2021,25112 Milwaukee Junction,Cash,Shipped,Express
56,56,56,65,588.09,5/24/2021,383 Lakeland Hill,PayPal,Delivered,Standard
57,57,57,16,917.35,7/12/2021,00540 Sullivan Trail,Cash,Shipped,Next Day
58,58,58,36,284.76,1/1/2021,85917 Rieder Circle,Cash,Shipped,Next Day
59,59,59,49,388.76,7/21/2021,90891 Johnson Avenue,Cash,Delivered,Standard
60,60,60,35,905.18,1/8/2021,40 Raven Lane,PayPal,Delivered,Next Day
61,61,61,73,509.01,8/14/2021,16448 Sycamore Park,PayPal,Pending,Standard
62,62,62,82,847.28,2/4/2021,47 Golf Pass,Credit Card,Delivered,Express
63,63,63,22,879.29,2/12/2021,83 Meadow Valley Crossing,Credit Card,Shipped,Express
64,64,64,82,884.25,12/25/2021,0 Buena Vista Center,Cash,Delivered,Next Day
65,65,65,71,607.28,8/17/2021,06 Debs Center,Credit Card,Pending,Next Day
66,66,66,53,974.31,2/26/2021,31266 Pond Junction,PayPal,Shipped,Next Day
67,67,67,8,440.13,5/31/2021,585 Dayton Terrace,Cash,Pending,Standard
68,68,68,43,169.41,3/21/2021,97 Tennyson Parkway,PayPal,Shipped,Express
69,69,69,75,163.38,8/21/2021,57 Clove Street,PayPal,Delivered,Next Day
70,70,70,46,948.65,11/19/2021,59324 Ridgeway Circle,PayPal,Delivered,Express
71,71,71,86,873.68,7/11/2021,54833 Pierstorff Park,Cash,Delivered,Standard
72,72,72,89,766.68,9/24/2021,1 Northridge Terrace,PayPal,Shipped,Express
73,73,73,57,938.66,6/27/2021,31565 Riverside Avenue,PayPal,Shipped,Next Day
74,74,74,27,420.67,3/27/2021,119 Summerview Alley,PayPal,Pending,Express
75,75,75,25,194.88,4/29/2021,93 Arrowood Junction,Cash,Shipped,Next Day
76,76,76,75,532.3,12/15/2021,753 Butterfield Plaza,Credit Card,Pending,Express
77,77,77,41,656.53,10/22/2021,62388 Thompson Place,PayPal,Delivered,Next Day
78,78,78,10,529.71,1/1/2021,5 Carioca Road,Credit Card,Delivered,Express
79,79,79,45,215.72,10/2/2021,53 Melby Road,Credit Card,Pending,Express
80,80,80,64,686.37,6/13/2021,6 Rieder Point,Credit Card,Shipped,Standard
81,81,81,90,194.5,2/28/2021,3 Saint Paul Crossing,Credit Card,Delivered,Standard
82,82,82,83,39.71,1/14/2021,930 Ruskin Junction,Credit Card,Delivered,Standard
83,83,83,94,666.06,4/20/2021,2142 Hansons Lane,Cash,Delivered,Standard
84,84,84,7,851.8,3/21/2021,37626 Summer Ridge Street,Credit Card,Shipped,Express
85,85,85,54,140.17,2/8/2021,051 Paget Place,Cash,Delivered,Express
86,86,86,29,509.67,6/30/2021,1132 Miller Road,Credit Card,Pending,Next Day
87,87,87,40,99.93,3/24/2021,17 Pepper Wood Drive,Cash,Pending,Next Day
88,88,88,53,736.23,10/17/2021,73 Pawling Circle,PayPal,Shipped,Standard
89,89,89,40,940.06,4/24/2021,06 Starling Road,Cash,Shipped,Express
90,90,90,1,687.48,4/12/2021,38631 Becker Court,Cash,Shipped,Standard
91,91,91,46,616.13,7/28/2021,61755 Delladonna Court,Credit Card,Pending,Express
92,92,92,77,722.88,5/25/2021,06028 Mariners Cove Lane,PayPal,Delivered,Standard
93,93,93,66,306.45,7/11/2021,83219 Farragut Junction,Cash,Delivered,Standard
94,94,94,54,521.84,2/18/2021,825 Grover Lane,Cash,Delivered,Next Day
95,95,95,97,991.76,2/18/2021,51963 Scofield Junction,Cash,Pending,Standard
96,96,96,76,528.89,9/6/2021,7131 Gulseth Way,PayPal,Pending,Standard
97,97,97,43,787.55,12/13/2021,34376 Eagle Crest Pass,Credit Card,Shipped,Next Day
98,98,98,4,436.52,6/6/2021,01 Melvin Alley,Cash,Delivered,Next Day
99,99,99,50,571.17,12/12/2021,316 Meadow Vale Avenue,Credit Card,Shipped,Express
100,100,100,10,533.34,6/28/2021,70 Lakewood Gardens Circle,Cash,Delivered,Next Day
101,101,101,42,64.84,9/10/2021,4 Graceland Hill,PayPal,Delivered,Next Day
102,102,102,56,965.8,10/26/2021,4 Dapin Lane,Credit Card,Delivered,Express
103,103,103,47,718.57,11/8/2021,7 Ridge Oak Parkway,Cash,Delivered,Standard
104,104,104,85,152.32,4/5/2021,4302 Transport Street,Cash,Shipped,Next Day
105,105,105,63,644.25,12/11/2021,87 David Parkway,Cash,Delivered,Express
106,106,106,84,168.2,2/22/2021,3046 Valley Edge Junction,Cash,Delivered,Next Day
107,107,107,8,152.17,12/6/2021,364 Nancy Road,Cash,Pending,Standard
108,108,108,53,582.09,11/3/2021,6 Ilene Pass,PayPal,Delivered,Next Day
109,109,109,1,404.09,11/6/2021,9065 Warrior Alley,PayPal,Pending,Standard
110,110,110,3,575.01,3/2/2021,425 Truax Terrace,PayPal,Shipped,Next Day
111,111,111,83,596.36,3/29/2021,4077 Sycamore Place,PayPal,Pending,Standard
112,112,112,73,581.11,10/26/2021,51711 Merrick Terrace,Cash,Delivered,Next Day
113,113,113,41,838.05,6/10/2021,3 Lakeland Park,Cash,Delivered,Next Day
114,114,114,46,875.22,4/11/2021,502 Gina Junction,PayPal,Delivered,Standard
115,115,115,6,310.48,12/13/2021,168 Burrows Junction,Cash,Pending,Next Day
116,116,116,48,31.92,12/5/2021,9935 Schlimgen Court,Credit Card,Shipped,Express
117,117,117,61,349.11,11/4/2021,053 Waywood Street,PayPal,Shipped,Express
118,118,118,93,101.04,2/28/2021,78 Lindbergh Circle,Credit Card,Delivered,Express
119,119,119,95,874.82,8/24/2021,6 Anhalt Center,PayPal,Shipped,Next Day
120,120,120,56,21.15,6/5/2021,6222 Granby Point,PayPal,Delivered,Standard
121,121,121,86,587.49,5/10/2021,708 Barnett Junction,Cash,Pending,Express
122,122,122,72,480.3,2/10/2021,71 Lawn Street,Credit Card,Pending,Next Day
123,123,123,22,153.01,6/7/2021,88445 Pawling Park,PayPal,Shipped,Next Day
124,124,124,29,659.92,9/24/2021,3 Mcbride Trail,Cash,Shipped,Next Day
125,125,125,27,643.81,9/23/2021,116 Goodland Parkway,PayPal,Pending,Next Day
126,126,126,6,396.88,9/21/2021,686 Mallory Circle,Credit Card,Delivered,Express
127,127,127,78,378.52,4/17/2021,13445 Cardinal Avenue,Cash,Shipped,Next Day
128,128,128,78,564.22,8/14/2021,1 Fuller Park,PayPal,Pending,Standard
129,129,129,3,608.89,1/27/2021,750 Pond Center,Cash,Pending,Standard
130,130,130,80,258.8,7/5/2021,498 Haas Parkway,Credit Card,Delivered,Express
131,131,131,12,672.66,9/3/2021,47 Cardinal Hill,Cash,Shipped,Standard
132,132,132,45,872.32,10/7/2021,93423 Onsgard Trail,Credit Card,Pending,Express
133,133,133,24,735.66,5/16/2021,6236 Pepper Wood Street,PayPal,Shipped,Next Day
134,134,134,32,329.51,1/12/2021,3177 Oak Valley Point,Cash,Delivered,Standard
135,135,135,99,952.03,4/12/2021,0007 Elgar Crossing,Cash,Pending,Standard
136,136,136,29,327.08,11/23/2021,181 West Road,Credit Card,Delivered,Next Day
137,137,137,70,223.28,3/18/2021,55 Stoughton Trail,Credit Card,Shipped,Express
138,138,138,30,393.05,1/8/2021,56040 Sunbrook Circle,Cash,Delivered,Express
139,139,139,61,329.53,10/21/2021,5 Melrose Point,Cash,Pending,Express
140,140,140,95,71.52,6/25/2021,1170 Graedel Drive,PayPal,Pending,Next Day
141,141,141,88,587.55,12/21/2021,19 Corry Crossing,Cash,Shipped,Standard
142,142,142,58,769.95,7/31/2021,12 Linden Trail,Credit Card,Shipped,Next Day
143,143,143,65,998.63,3/12/2021,9 Annamark Point,Cash,Delivered,Express
144,144,144,39,263.24,6/8/2021,188 Elgar Court,Credit Card,Delivered,Express
145,145,145,65,932.75,10/7/2021,00 Heffernan Lane,Cash,Pending,Next Day
146,146,146,45,226.35,3/24/2021,727 Londonderry Crossing,Cash,Pending,Express
147,147,147,46,761.35,3/26/2021,62022 Novick Way,PayPal,Shipped,Next Day
148,148,148,82,228.13,9/17/2021,5049 Macpherson Crossing,Cash,Delivered,Express
149,149,149,56,793.7,5/31/2021,65079 Independence Parkway,Cash,Shipped,Express
150,150,150,70,816.93,2/5/2021,583 Lerdahl Lane,PayPal,Delivered,Next Day
151,151,151,93,889.46,2/12/2021,42612 Sage Circle,Credit Card,Delivered,Standard
152,152,152,69,63.2,7/8/2021,6 Bartillon Center,PayPal,Pending,Standard
153,153,153,17,128.96,9/5/2021,47020 Bultman Drive,Credit Card,Shipped,Next Day
154,154,154,23,551.43,11/24/2021,54 Manufacturers Alley,Cash,Shipped,Next Day
155,155,155,63,174.89,8/25/2021,58 Ronald Regan Terrace,Cash,Delivered,Standard
156,156,156,7,752.12,2/28/2021,0 Ryan Terrace,Credit Card,Shipped,Next Day
157,157,157,24,43.55,10/31/2021,1 Kingsford Lane,PayPal,Delivered,Express
158,158,158,97,396.79,9/23/2021,74170 Mayfield Alley,PayPal,Shipped,Next Day
159,159,159,26,285.16,10/6/2021,7426 Boyd Plaza,Cash,Delivered,Standard
160,160,160,46,856.58,2/16/2021,3 Dakota Lane,Credit Card,Shipped,Express
161,161,161,27,731.27,2/10/2021,6750 Carioca Drive,Credit Card,Shipped,Next Day
162,162,162,40,100.1,9/14/2021,7 Melby Lane,PayPal,Delivered,Next Day
163,163,163,12,464.66,3/22/2021,073 Bashford Drive,Credit Card,Shipped,Standard
164,164,164,25,82.31,8/4/2021,8083 Red Cloud Trail,Cash,Shipped,Next Day
165,165,165,1,889.91,10/25/2021,00452 Hanover Trail,PayPal,Delivered,Express
166,166,166,75,242.9,4/13/2021,0257 Mitchell Terrace,PayPal,Shipped,Express
167,167,167,26,127.78,8/16/2021,83 Grim Terrace,Cash,Delivered,Next Day
168,168,168,91,431.99,11/14/2021,808 Arapahoe Court,Cash,Shipped,Standard
169,169,169,47,148.11,6/11/2021,49 Mallory Alley,Cash,Pending,Express
170,170,170,12,925.52,11/19/2021,72375 Arapahoe Center,Credit Card,Delivered,Standard
171,171,171,48,912.6,7/3/2021,7163 Victoria Way,Cash,Pending,Express
172,172,172,79,644.37,11/27/2021,037 Ludington Plaza,PayPal,Shipped,Next Day
173,173,173,19,669.02,2/6/2021,731 Macpherson Plaza,PayPal,Shipped,Express
174,174,174,94,623.36,1/12/2021,90 Garrison Point,PayPal,Delivered,Next Day
175,175,175,10,344.69,1/19/2021,3 Banding Crossing,Cash,Delivered,Standard
176,176,176,86,85.08,10/18/2021,68 Bayside Pass,PayPal,Pending,Standard
177,177,177,18,198.77,3/9/2021,22541 Hermina Hill,PayPal,Pending,Standard
178,178,178,92,46.15,6/14/2021,148 Debra Point,PayPal,Pending,Next Day
179,179,179,63,968.1,7/11/2021,73631 Walton Parkway,Credit Card,Pending,Express
180,180,180,93,226.84,1/24/2021,73299 Sheridan Lane,PayPal,Shipped,Express
181,181,181,69,299.36,1/6/2021,4 Cody Terrace,Credit Card,Shipped,Express
182,182,182,12,251.54,4/9/2021,1115 Prairieview Pass,Cash,Delivered,Express
183,183,183,53,152.13,3/1/2021,17762 Manufacturers Way,PayPal,Shipped,Standard
184,184,184,3,933.52,10/22/2021,223 Jay Point,PayPal,Shipped,Express
185,185,185,5,125.8,1/25/2021,32727 Paget Alley,PayPal,Pending,Standard
186,186,186,79,463.58,5/25/2021,42893 Messerschmidt Court,Cash,Pending,Express
187,187,187,41,380.22,8/16/2021,4881 Morning Trail,PayPal,Delivered,Express
188,188,188,5,996.66,1/30/2021,402 Hagan Crossing,Credit Card,Delivered,Standard
189,189,189,53,361.77,3/19/2021,45333 Maryland Park,Credit Card,Delivered,Express
190,190,190,91,421.81,3/5/2021,01 Anzinger Terrace,Credit Card,Pending,Standard
191,191,191,18,500.88,12/7/2021,1 Orin Trail,PayPal,Pending,Standard
192,192,192,20,71.06,5/20/2021,7498 Blaine Trail,Credit Card,Pending,Standard
193,193,193,4,503.21,5/12/2021,2 Northwestern Plaza,Credit Card,Pending,Next Day
194,194,194,79,421.57,2/12/2021,44 Pine View Lane,Credit Card,Pending,Standard
195,195,195,80,877.97,10/12/2021,79 Buhler Plaza,Credit Card,Delivered,Express
196,196,196,78,226.36,7/2/2021,70 Barby Lane,Cash,Delivered,Standard
197,197,197,33,143.0,10/5/2021,247 Merchant Trail,Cash,Delivered,Express
198,198,198,56,596.38,5/31/2021,7396 Pearson Pass,Credit Card,Pending,Next Day
199,199,199,57,247.1,6/17/2021,495 Pawling Avenue,PayPal,Shipped,Next Day
200,200,200,4,128.56,6/7/2021,3665 Ryan Road,Credit Card,Pending,Next Day
201,201,201,4,151.93,6/4/2021,4454 Lakewood Place,PayPal,Shipped,Standard
202,202,202,3,476.75,10/8/2021,356 Clyde Gallagher Court,Cash,Shipped,Express
203,203,203,69,806.39,5/23/2021,7 Scofield Plaza,PayPal,Delivered,Express
204,204,204,36,221.34,9/28/2021,42596 Dennis Center,Credit Card,Delivered,Express
205,205,205,95,121.78,10/5/2021,4 Coleman Terrace,PayPal,Shipped,Next Day
206,206,206,72,956.4,6/14/2021,331 Memorial Place,Credit Card,Shipped,Next Day
207,207,207,77,680.69,1/7/2021,07063 Park Meadow Hill,Credit Card,Delivered,Express
208,208,208,64,660.34,10/5/2021,8 Rutledge Trail,PayPal,Pending,Express
209,209,209,60,143.8,3/6/2021,13 Homewood Hill,Cash,Pending,Next Day
210,210,210,28,341.37,5/18/2021,6624 Declaration Avenue,PayPal,Delivered,Standard
211,211,211,20,432.31,10/20/2021,2 South Point,PayPal,Pending,Express
212,212,212,75,870.09,12/3/2021,3047 Graceland Lane,Cash,Shipped,Standard
213,213,213,33,882.2,8/13/2021,4590 Melvin Terrace,Cash,Shipped,Next Day
214,214,214,65,149.62,12/24/2021,22445 Heath Place,PayPal,Pending,Standard
215,215,215,94,652.04,8/12/2021,021 South Way,Credit Card,Pending,Express
216,216,216,76,380.57,11/20/2021,61407 Morningstar Road,Cash,Delivered,Express
217,217,217,88,872.56,5/4/2021,552 Bonner Circle,Credit Card,Shipped,Standard
218,218,218,10,68.78,4/30/2021,3939 Daystar Park,PayPal,Shipped,Standard
219,219,219,73,762.64,3/9/2021,8982 Becker Trail,Credit Card,Delivered,Next Day
220,220,220,13,808.15,7/9/2021,49835 Boyd Center,Cash,Delivered,Standard
221,221,221,10,786.18,9/25/2021,08 Eastwood Road,Credit Card,Delivered,Next Day
222,222,222,18,739.92,12/21/2021,1580 Scott Street,Cash,Shipped,Standard
223,223,223,43,30.43,8/5/2021,4 Corry Street,Credit Card,Delivered,Express
224,224,224,24,207.92,8/25/2021,7 David Avenue,Credit Card,Shipped,Standard
225,225,225,55,504.97,7/11/2021,6309 Nelson Lane,Cash,Delivered,Next Day
226,226,226,99,629.84,10/17/2021,66743 Ryan Point,Cash,Shipped,Express
227,227,227,31,18.89,10/27/2021,23 Fairfield Alley,Credit Card,Shipped,Next Day
228,228,228,55,106.77,12/17/2021,7964 Kingsford Lane,Credit Card,Shipped,Express
229,229,229,27,780.78,3/12/2021,5301 Lien Circle,Cash,Delivered,Standard
230,230,230,43,914.01,8/30/2021,48 Weeping Birch Lane,Credit Card,Delivered,Next Day
231,231,231,1,599.63,12/8/2021,5 Warbler Lane,PayPal,Delivered,Express
232,232,232,3,142.43,10/21/2021,1154 Bobwhite Point,PayPal,Pending,Next Day
233,233,233,82,444.0,3/27/2021,4202 Northview Lane,Cash,Delivered,Express
234,234,234,40,976.52,3/28/2021,08 Northridge Circle,PayPal,Shipped,Standard
235,235,235,48,818.12,6/24/2021,9328 Mcbride Place,PayPal,Shipped,Express
236,236,236,53,148.84,10/11/2021,9 Morrow Point,PayPal,Shipped,Standard
237,237,237,63,8.79,9/5/2021,1910 Oak Valley Avenue,Credit Card,Delivered,Next Day
238,238,238,5,409.81,1/12/2021,91293 Hansons Parkway,PayPal,Shipped,Standard
239,239,239,6,35.89,4/24/2021,3 Moose Street,PayPal,Pending,Express
240,240,240,35,85.23,5/11/2021,8556 Crescent Oaks Point,Credit Card,Pending,Next Day
241,241,241,100,740.28,2/18/2021,62715 Leroy Hill,PayPal,Delivered,Standard
242,242,242,80,571.0,3/6/2021,1 Michigan Circle,Credit Card,Shipped,Next Day
243,243,243,44,477.4,8/13/2021,18 Columbus Crossing,Credit Card,Pending,Express
244,244,244,86,484.49,12/18/2021,2 Towne Parkway,Credit Card,Delivered,Standard
245,245,245,37,50.15,12/29/2021,62 Brentwood Terrace,Credit Card,Shipped,Next Day
246,246,246,38,729.76,10/17/2021,0294 Fairfield Trail,Credit Card,Delivered,Next Day
247,247,247,76,962.42,7/4/2021,592 Westend Plaza,Credit Card,Pending,Next Day
248,248,248,75,730.58,8/27/2021,168 Mitchell Junction,PayPal,Delivered,Standard
249,249,249,61,55.92,9/27/2021,5239 Ohio Alley,PayPal,Delivered,Next Day
250,250,250,22,83.33,3/14/2021,24 Russell Junction,PayPal,Delivered,Express
251,251,251,77,496.05,2/9/2021,28 Hudson Road,Credit Card,Shipped,Standard
252,252,252,76,272.25,3/8/2021,5 Upham Park,Credit Card,Delivered,Next Day
253,253,253,95,4.41,2/4/2021,065 Northfield Avenue,Cash,Delivered,Express
254,254,254,28,646.26,10/1/2021,2 Lillian Crossing,PayPal,Pending,Next Day
255,255,255,63,57.1,9/3/2021,35 Ronald Regan Place,Credit Card,Pending,Next Day
256,256,256,47,851.25,7/13/2021,2 Maywood Parkway,Credit Card,Delivered,Express
257,257,257,13,172.03,3/28/2021,0944 Holy Cross Circle,Credit Card,Delivered,Next Day
258,258,258,34,386.52,2/27/2021,769 Russell Plaza,PayPal,Shipped,Express
259,259,259,63,746.88,10/1/2021,22274 Mallory Street,Cash,Shipped,Standard
260,260,260,65,680.54,4/16/2021,8288 Bluestem Plaza,Cash,Pending,Express
261,261,261,31,565.31,9/20/2021,70272 Longview Junction,Cash,Pending,Next Day
262,262,262,27,591.12,12/18/2021,9 Clemons Terrace,Cash,Pending,Express
263,263,263,64,826.41,1/25/2021,3753 Anhalt Trail,Credit Card,Pending,Express
264,264,264,84,222.51,5/29/2021,7205 Veith Drive,Cash,Delivered,Standard
265,265,265,9,634.21,6/25/2021,26566 Dexter Parkway,Credit Card,Pending,Express
266,266,266,87,69.7,5/7/2021,91150 Luster Court,Cash,Pending,Standard
267,267,267,11,101.43,4/10/2021,32471 Texas Parkway,Cash,Shipped,Next Day
268,268,268,92,705.26,4/18/2021,58446 Bunker Hill Lane,PayPal,Pending,Next Day
269,269,269,30,375.68,4/30/2021,761 3rd Crossing,Credit Card,Delivered,Next Day
270,270,270,29,121.27,8/25/2021,676 Sage Crossing,Credit Card,Shipped,Next Day
271,271,271,87,83.26,7/7/2021,9 Longview Trail,PayPal,Shipped,Standard
272,272,272,38,488.15,9/5/2021,8934 Oak Valley Pass,PayPal,Pending,Standard
273,273,273,5,263.84,5/1/2021,3 Truax Lane,Cash,Delivered,Standard
274,274,274,94,500.18,11/22/2021,577 Manitowish Alley,Credit Card,Pending,Next Day
275,275,275,12,771.46,3/29/2021,9 Westport Plaza,Credit Card,Pending,Next Day
276,276,276,80,189.45,6/15/2021,09 Fairview Road,PayPal,Pending,Express
277,277,277,39,565.05,12/7/2021,0 Mariners Cove Alley,PayPal,Pending,Next Day
278,278,278,34,949.06,9/27/2021,486 Daystar Trail,Credit Card,Pending,Next Day
279,279,279,67,635.22,7/29/2021,312 Haas Crossing,Credit Card,Delivered,Standard
280,280,280,65,634.32,5/8/2021,152 Glacier Hill Center,Cash,Pending,Express
281,281,281,66,146.12,7/9/2021,86 Fair Oaks Hill,PayPal,Delivered,Express
282,282,282,59,519.87,3/24/2021,7351 Gerald Court,PayPal,Pending,Express
283,283,283,15,422.84,1/2/2021,95992 Farwell Alley,Credit Card,Pending,Next Day
284,284,284,39,309.68,4/30/2021,1 Orin Way,PayPal,Shipped,Standard
285,285,285,36,492.4,10/10/2021,42898 Westend Plaza,PayPal,Pending,Next Day
286,286,286,60,371.89,7/23/2021,07 Dawn Court,PayPal,Pending,Standard
287,287,287,97,49.02,9/20/2021,08 Bay Avenue,PayPal,Shipped,Next Day
288,288,288,82,865.39,2/12/2021,5 Basil Road,Cash,Delivered,Standard
289,289,289,23,53.8,10/16/2021,2941 Morrow Parkway,Cash,Delivered,Next Day
290,290,290,52,397.42,3/28/2021,343 Crownhardt Crossing,PayPal,Pending,Next Day
291,291,291,91,22.84,6/29/2021,87 Dovetail Alley,PayPal,Delivered,Standard
292,292,292,10,28.57,11/29/2021,6 Gerald Street,PayPal,Delivered,Express
293,293,293,85,518.13,11/7/2021,06722 Melby Street,PayPal,Delivered,Express
294,294,294,64,460.97,8/25/2021,769 Hallows Way,Credit Card,Shipped,Standard
295,295,295,12,690.16,12/5/2021,9257 Kensington Alley,PayPal,Delivered,Express
296,296,296,37,746.8,9/9/2021,32741 Cambridge Plaza,Cash,Delivered,Express
297,297,297,78,492.9,6/28/2021,268 Golf Course Plaza,Cash,Pending,Next Day
298,298,298,26,157.7,8/26/2021,04068 Karstens Lane,Credit Card,Pending,Standard
299,299,299,64,896.81,12/14/2021,949 Blaine Terrace,Cash,Delivered,Standard
300,300,300,52,711.67,7/9/2021,0 Sundown Hill,Credit Card,Pending,Express
301,301,301,39,627.0,10/20/2021,0 Armistice Pass,PayPal,Delivered,Next Day
302,302,302,41,875.31,8/25/2021,9 Sundown Plaza,Cash,Pending,Standard
303,303,303,72,751.9,6/25/2021,0 Springs Parkway,Cash,Pending,Next Day
304,304,304,90,387.84,9/17/2021,0461 Drewry Crossing,PayPal,Delivered,Express
305,305,305,66,362.2,8/19/2021,06329 Continental Center,Credit Card,Shipped,Standard
306,306,306,56,803.44,2/6/2021,918 Wayridge Road,Cash,Pending,Standard
307,307,307,76,596.45,5/28/2021,818 Farwell Avenue,Cash,Shipped,Express
308,308,308,74,601.1,9/20/2021,284 Northwestern Pass,Credit Card,Pending,Standard
309,309,309,50,924.62,4/15/2021,08540 Red Cloud Plaza,Credit Card,Shipped,Express
310,310,310,38,532.35,5/20/2021,648 Springs Trail,PayPal,Shipped,Standard
311,311,311,48,764.38,4/19/2021,304 Emmet Alley,PayPal,Pending,Express
312,312,312,99,113.42,7/26/2021,46 Westend Point,Credit Card,Shipped,Next Day
313,313,313,63,197.91,5/23/2021,87435 Talmadge Crossing,Cash,Delivered,Next Day
314,314,314,46,104.28,8/30/2021,4 Kensington Center,Cash,Pending,Express
315,315,315,77,523.74,5/15/2021,6 Mendota Alley,Cash,Pending,Next Day
316,316,316,38,459.02,10/5/2021,6 Mifflin Court,PayPal,Shipped,Next Day
317,317,317,79,760.17,8/23/2021,49 Lotheville Circle,PayPal,Pending,Next Day
318,318,318,45,306.24,7/9/2021,7 Scott Court,Cash,Shipped,Next Day
319,319,319,86,809.43,9/29/2021,018 Scott Crossing,Credit Card,Delivered,Express
320,320,320,70,9.25,6/7/2021,6317 Mandrake Road,PayPal,Pending,Standard
321,321,321,42,772.44,5/3/2021,105 Declaration Way,Credit Card,Shipped,Next Day
322,322,322,35,991.64,9/22/2021,05 Sunnyside Parkway,Credit Card,Delivered,Standard
323,323,323,8,591.04,1/4/2021,7161 Fairview Crossing,PayPal,Delivered,Standard
324,324,324,43,978.75,1/29/2021,179 Bluejay Parkway,Credit Card,Shipped,Next Day
325,325,325,4,486.23,1/16/2021,83942 Fairfield Point,Cash,Shipped,Express
326,326,326,40,775.74,3/22/2021,82661 Rusk Point,Cash,Delivered,Next Day
327,327,327,45,619.24,10/29/2021,007 Kennedy Alley,PayPal,Delivered,Standard
328,328,328,63,253.67,1/3/2021,07299 Everett Terrace,Cash,Shipped,Express
329,329,329,89,225.58,1/15/2021,835 Katie Place,Cash,Delivered,Standard
330,330,330,87,99.5,3/12/2021,3721 Golden Leaf Pass,Credit Card,Delivered,Next Day
331,331,331,29,48.48,1/31/2021,85 Packers Road,Credit Card,Delivered,Express
332,332,332,6,485.8,10/24/2021,8 Atwood Pass,PayPal,Pending,Standard
333,333,333,81,65.23,10/7/2021,4410 Acker Center,Cash,Pending,Standard
334,334,334,56,18.07,12/3/2021,956 Sycamore Trail,Cash,Shipped,Standard
335,335,335,91,247.56,1/24/2021,35580 Brown Plaza,Cash,Shipped,Next Day
336,336,336,87,432.96,8/20/2021,05 Jenna Terrace,Cash,Delivered,Express
337,337,337,94,810.77,5/17/2021,73936 Hallows Pass,PayPal,Delivered,Express
338,338,338,86,288.1,12/8/2021,11860 Badeau Parkway,PayPal,Delivered,Express
339,339,339,30,236.35,7/24/2021,211 Cottonwood Pass,PayPal,Pending,Next Day
340,340,340,54,472.52,10/27/2021,98493 Golf Course Hill,Credit Card,Delivered,Express
341,341,341,56,337.15,9/18/2021,8403 Spaight Hill,Credit Card,Shipped,Express
342,342,342,79,44.07,6/26/2021,05930 Shoshone Parkway,PayPal,Shipped,Standard
343,343,343,29,222.97,7/23/2021,5 Village Green Alley,Credit Card,Delivered,Next Day
344,344,344,30,79.91,8/21/2021,092 Summit Place,Cash,Shipped,Standard
345,345,345,12,28.95,9/17/2021,40 North Parkway,Credit Card,Pending,Express
346,346,346,45,420.95,7/16/2021,6796 Manley Pass,PayPal,Delivered,Next Day
347,347,347,67,498.18,1/18/2021,09 Dunning Alley,PayPal,Pending,Express
348,348,348,78,957.14,1/8/2021,0908 Morrow Drive,PayPal,Delivered,Next Day
349,349,349,34,143.01,6/17/2021,6735 Lighthouse Bay Park,Cash,Pending,Standard
350,350,350,92,709.39,9/25/2021,188 Delladonna Court,Cash,Shipped,Next Day
351,351,351,74,403.75,3/3/2021,9 Crownhardt Park,PayPal,Delivered,Standard
352,352,352,46,172.78,10/25/2021,82 Northport Alley,PayPal,Pending,Express
353,353,353,45,777.5,6/26/2021,01837 Northridge Plaza,Credit Card,Shipped,Express
354,354,354,20,112.19,10/2/2021,52259 Harbort Point,Credit Card,Pending,Standard
355,355,355,78,702.16,2/12/2021,1 Canary Lane,Cash,Shipped,Standard
356,356,356,81,539.75,10/19/2021,73 Porter Way,Credit Card,Delivered,Next Day
357,357,357,66,872.38,7/14/2021,1 Reindahl Junction,Credit Card,Shipped,Standard
358,358,358,7,954.57,12/11/2021,68654 Amoth Crossing,Cash,Shipped,Express
359,359,359,65,980.6,12/24/2021,3 David Center,Credit Card,Delivered,Express
360,360,360,99,511.05,4/22/2021,2 Thompson Center,PayPal,Pending,Express
361,361,361,19,640.63,10/9/2021,6 Melvin Hill,PayPal,Pending,Next Day
362,362,362,73,945.06,12/15/2021,39 Dakota Road,Cash,Pending,Next Day
363,363,363,56,771.42,7/9/2021,51 Rigney Court,PayPal,Pending,Next Day
364,364,364,53,202.48,12/7/2021,1 Starling Avenue,Credit Card,Delivered,Express
365,365,365,6,824.72,12/25/2021,370 Monument Terrace,PayPal,Delivered,Next Day
366,366,366,18,787.76,3/16/2021,28366 Stoughton Court,Cash,Delivered,Standard
367,367,367,37,509.33,5/5/2021,89 Canary Road,Cash,Pending,Express
368,368,368,83,786.35,4/5/2021,7775 High Crossing Parkway,Credit Card,Shipped,Next Day
369,369,369,11,523.57,2/22/2021,044 Fisk Parkway,Cash,Pending,Next Day
370,370,370,74,796.67,7/16/2021,16786 Blackbird Hill,Cash,Pending,Express
371,371,371,55,317.46,1/1/2021,6 Colorado Place,PayPal,Pending,Express
372,372,372,90,806.81,5/22/2021,63 Russell Alley,Cash,Pending,Next Day
373,373,373,33,678.68,10/14/2021,53 Merrick Way,Credit Card,Shipped,Standard
374,374,374,52,312.09,6/10/2021,1813 Bobwhite Center,Cash,Pending,Next Day
375,375,375,27,10.14,4/20/2021,376 Porter Avenue,Credit Card,Shipped,Next Day
376,376,376,51,891.25,1/10/2021,9814 Crownhardt Junction,PayPal,Pending,Next Day
377,377,377,31,41.65,3/9/2021,196 Golf Court,PayPal,Pending,Express
378,378,378,52,352.85,11/17/2021,860 Stuart Way,PayPal,Shipped,Next Day
379,379,379,70,345.22,1/13/2021,085 Starling Crossing,Cash,Pending,Standard
380,380,380,65,489.39,3/4/2021,4042 Waxwing Lane,Credit Card,Shipped,Next Day
381,381,381,72,374.94,12/13/2021,3058 Northport Park,Credit Card,Delivered,Next Day
382,382,382,74,69.61,1/28/2021,97 Pleasure Way,Cash,Pending,Express
383,383,383,83,35.45,10/16/2021,95 Gulseth Point,PayPal,Pending,Express
384,384,384,8,971.51,3/12/2021,658 Dexter Crossing,Credit Card,Delivered,Standard
385,385,385,91,241.08,4/21/2021,37 Grayhawk Lane,PayPal,Shipped,Express
386,386,386,3,974.69,3/24/2021,64355 Fairview Pass,Credit Card,Delivered,Next Day
387,387,387,67,245.95,12/8/2021,40027 Hallows Parkway,Cash,Pending,Next Day
388,388,388,62,420.39,1/25/2021,2 Paget Road,Cash,Delivered,Express
389,389,389,42,95.01,7/13/2021,4 Jenna Terrace,PayPal,Shipped,Express
390,390,390,97,620.1,10/11/2021,3 Eagle Crest Avenue,PayPal,Shipped,Next Day
391,391,391,97,219.65,3/20/2021,9325 Killdeer Circle,PayPal,Pending,Standard
392,392,392,77,639.82,8/3/2021,99 Surrey Road,Cash,Delivered,Standard
393,393,393,50,731.53,12/9/2021,4 Dennis Junction,Cash,Pending,Standard
394,394,394,34,813.35,10/12/2021,24770 Crest Line Alley,Credit Card,Shipped,Standard
395,395,395,35,956.36,5/26/2021,10 Florence Court,PayPal,Delivered,Express
396,396,396,60,112.33,10/13/2021,8304 Kim Parkway,Credit Card,Delivered,Express
397,397,397,52,290.71,7/5/2021,50393 Longview Parkway,Credit Card,Delivered,Next Day
398,398,398,86,746.92,3/25/2021,2303 Mendota Road,Cash,Delivered,Next Day
399,399,399,59,66.01,5/21/2021,34982 David Crossing,Credit Card,Pending,Next Day
400,400,400,76,751.59,12/4/2021,541 Londonderry Street,Credit Card,Pending,Express
401,401,401,68,255.72,3/15/2021,488 Dovetail Pass,PayPal,Shipped,Express
402,402,402,64,813.11,1/26/2021,003 Rieder Court,Cash,Shipped,Next Day
403,403,403,4,797.3,9/20/2021,8 Sauthoff Crossing,PayPal,Pending,Standard
404,404,404,57,60.44,12/3/2021,3492 8th Terrace,PayPal,Pending,Express
405,405,405,68,728.64,8/16/2021,02 Sachtjen Alley,PayPal,Pending,Standard
406,406,406,39,962.87,2/8/2021,451 Loomis Trail,PayPal,Delivered,Next Day
407,407,407,10,124.28,11/21/2021,52955 Rutledge Drive,Credit Card,Shipped,Standard
408,408,408,53,152.14,3/1/2021,67 Esch Court,PayPal,Pending,Next Day
409,409,409,62,671.06,11/22/2021,356 John Wall Way,Cash,Pending,Next Day
410,410,410,74,600.09,3/22/2021,98081 Westerfield Lane,Credit Card,Shipped,Standard
411,411,411,49,577.28,9/3/2021,28 Kedzie Street,Cash,Delivered,Standard
412,412,412,46,952.43,12/10/2021,1037 Declaration Crossing,Cash,Pending,Standard
413,413,413,24,17.06,9/30/2021,55598 Vera Drive,PayPal,Pending,Express
414,414,414,24,969.38,6/19/2021,37539 Stang Plaza,Cash,Delivered,Standard
415,415,415,94,23.87,3/15/2021,581 Corry Center,Cash,Delivered,Express
416,416,416,9,11.79,2/18/2021,518 Bunker Hill Crossing,PayPal,Delivered,Express
417,417,417,49,974.3,12/19/2021,6255 Scoville Lane,Cash,Pending,Standard
418,418,418,68,206.23,9/17/2021,2668 Thompson Terrace,Cash,Delivered,Standard
419,419,419,28,406.95,6/9/2021,7 Ludington Crossing,Credit Card,Shipped,Express
420,420,420,47,738.61,9/16/2021,7 Holy Cross Park,PayPal,Delivered,Express
421,421,421,9,719.86,6/19/2021,3 Stuart Avenue,PayPal,Shipped,Standard
422,422,422,27,415.98,4/29/2021,384 Fuller Avenue,Cash,Pending,Standard
423,423,423,20,33.05,2/26/2021,79233 Manufacturers Trail,Credit Card,Pending,Express
424,424,424,84,716.15,4/10/2021,843 Stuart Circle,PayPal,Shipped,Express
425,425,425,98,651.34,3/11/2021,65 Commercial Street,Cash,Shipped,Next Day
426,426,426,18,173.57,10/9/2021,4230 Merry Lane,PayPal,Shipped,Next Day
427,427,427,69,255.83,9/24/2021,8442 North Circle,Credit Card,Shipped,Express
428,428,428,88,829.06,4/18/2021,9 Spaight Alley,PayPal,Pending,Next Day
429,429,429,33,564.44,2/15/2021,71 Anhalt Road,Cash,Pending,Standard
430,430,430,53,643.74,2/11/2021,24 Fairview Terrace,PayPal,Shipped,Standard
431,431,431,29,60.46,2/2/2021,2 Trailsway Park,Credit Card,Pending,Standard
432,432,432,90,858.02,5/29/2021,3100 Macpherson Avenue,Credit Card,Delivered,Next Day
433,433,433,58,79.05,5/26/2021,206 Schmedeman Trail,Cash,Pending,Next Day
434,434,434,14,0.03,7/11/2021,24016 Lerdahl Junction,Cash,Delivered,Standard
435,435,435,48,208.46,9/1/2021,29204 Lyons Court,PayPal,Delivered,Next Day
436,436,436,27,287.21,12/17/2021,87648 Southridge Pass,Cash,Pending,Standard
437,437,437,69,690.16,6/6/2021,6471 Acker Terrace,Cash,Pending,Standard
438,438,438,56,367.1,10/18/2021,268 Straubel Plaza,Credit Card,Shipped,Express
439,439,439,24,752.45,1/16/2021,878 Petterle Center,Credit Card,Shipped,Next Day
440,440,440,57,676.63,4/26/2021,714 Barnett Circle,Cash,Pending,Standard
441,441,441,12,485.36,3/24/2021,79 Pearson Park,Cash,Shipped,Standard
442,442,442,56,971.35,9/15/2021,79 Tony Terrace,Cash,Pending,Next Day
443,443,443,72,221.89,3/3/2021,046 Birchwood Lane,Cash,Delivered,Standard
444,444,444,2,894.94,8/12/2021,71 Anzinger Trail,PayPal,Shipped,Next Day
445,445,445,91,736.52,7/31/2021,0560 Little Fleur Hill,Credit Card,Shipped,Express
446,446,446,82,418.65,5/13/2021,3 Shopko Court,PayPal,Pending,Express
447,447,447,83,461.44,6/7/2021,17125 Saint Paul Junction,Credit Card,Shipped,Express
448,448,448,72,505.86,4/28/2021,6792 Rigney Road,Cash,Pending,Express
449,449,449,31,337.49,4/24/2021,40564 Brentwood Parkway,PayPal,Delivered,Express
450,450,450,78,909.38,5/11/2021,203 Mayfield Lane,PayPal,Pending,Next Day
451,451,451,97,762.31,9/7/2021,6267 Steensland Crossing,Credit Card,Shipped,Next Day
452,452,452,81,448.73,10/25/2021,64536 Hanover Road,Cash,Shipped,Standard
453,453,453,92,689.22,9/9/2021,03 Commercial Place,Credit Card,Pending,Next Day
454,454,454,48,118.33,9/15/2021,2 Sage Court,PayPal,Pending,Next Day
455,455,455,7,677.0,7/13/2021,0831 Northwestern Hill,Credit Card,Delivered,Express
456,456,456,25,807.62,7/20/2021,81872 Golf Drive,Credit Card,Shipped,Express
457,457,457,51,362.7,11/26/2021,707 Warbler Center,Cash,Delivered,Standard
458,458,458,78,992.37,4/1/2021,21 Elgar Road,PayPal,Pending,Express
459,459,459,59,508.09,4/2/2021,839 Merry Terrace,Cash,Delivered,Next Day
460,460,460,77,906.44,5/11/2021,458 Lakeland Drive,Credit Card,Delivered,Next Day
461,461,461,9,387.87,11/16/2021,7 Bonner Hill,Credit Card,Pending,Express
462,462,462,28,400.32,2/17/2021,9606 Russell Plaza,Credit Card,Pending,Standard
463,463,463,28,949.73,7/10/2021,01 Melvin Junction,PayPal,Pending,Standard
464,464,464,97,673.48,9/3/2021,3 Hauk Parkway,PayPal,Shipped,Express
465,465,465,64,806.33,3/3/2021,0 Arapahoe Way,Cash,Delivered,Standard
466,466,466,66,747.04,6/30/2021,305 Cardinal Trail,Cash,Delivered,Next Day
467,467,467,2,52.53,1/23/2021,27877 Hoffman Road,PayPal,Pending,Standard
468,468,468,87,66.49,1/4/2021,90 Jay Terrace,PayPal,Shipped,Standard
469,469,469,83,700.95,8/19/2021,56 Helena Street,Credit Card,Pending,Standard
470,470,470,55,244.15,9/17/2021,3227 Chinook Alley,Credit Card,Shipped,Standard
471,471,471,82,597.61,6/23/2021,4058 Schurz Pass,Cash,Shipped,Next Day
472,472,472,59,628.24,7/12/2021,3344 Gerald Road,PayPal,Delivered,Express
473,473,473,72,546.02,6/30/2021,82586 Colorado Lane,PayPal,Shipped,Next Day
474,474,474,41,289.81,8/26/2021,7 Forest Run Road,Cash,Pending,Next Day
475,475,475,58,870.91,2/26/2021,168 Milwaukee Court,Credit Card,Pending,Standard
476,476,476,50,52.52,8/7/2021,92 Hallows Parkway,PayPal,Delivered,Next Day
477,477,477,27,205.05,5/6/2021,4 Raven Way,Credit Card,Pending,Next Day
478,478,478,100,258.59,11/30/2021,2793 Westridge Junction,PayPal,Pending,Standard
479,479,479,92,403.18,11/16/2021,83578 Mandrake Court,Credit Card,Shipped,Standard
480,480,480,65,299.51,2/20/2021,0 Carioca Hill,Cash,Pending,Express
481,481,481,78,704.73,12/23/2021,49 Michigan Lane,Credit Card,Pending,Next Day
482,482,482,20,156.26,12/14/2021,15 Aberg Place,Cash,Delivered,Standard
483,483,483,13,885.29,8/22/2021,96 Schiller Pass,Credit Card,Delivered,Next Day
484,484,484,34,662.05,6/3/2021,4036 Thompson Alley,Cash,Shipped,Express
485,485,485,19,406.53,10/30/2021,76661 Messerschmidt Drive,Cash,Pending,Express
486,486,486,76,386.83,5/10/2021,2 Roxbury Drive,Credit Card,Pending,Express
487,487,487,57,227.63,4/15/2021,2432 Ramsey Center,Credit Card,Shipped,Next Day
488,488,488,60,753.6,1/23/2021,8677 Oxford Street,PayPal,Pending,Express
489,489,489,8,671.28,12/4/2021,37709 Crest Line Hill,Credit Card,Pending,Standard
490,490,490,5,616.91,8/2/2021,20 Briar Crest Road,Cash,Delivered,Next Day
491,491,491,42,514.89,11/5/2021,25005 Pierstorff Street,PayPal,Pending,Express
492,492,492,64,503.76,12/9/2021,1 Boyd Terrace,Credit Card,Shipped,Standard
493,493,493,60,700.24,3/17/2021,14299 Swallow Road,PayPal,Pending,Express
494,494,494,61,942.41,4/26/2021,2 Butternut Street,PayPal,Shipped,Standard
495,495,495,24,988.73,11/9/2021,13330 Pawling Alley,Credit Card,Delivered,Next Day
496,496,496,68,584.72,4/22/2021,5493 Becker Hill,PayPal,Delivered,Express
497,497,497,30,933.2,3/9/2021,0 Independence Trail,PayPal,Delivered,Next Day
498,498,498,5,198.53,1/27/2021,7 Spohn Street,PayPal,Delivered,Next Day
499,499,499,40,55.74,3/17/2021,3 Superior Avenue,Cash,Shipped,Next Day
500,500,500,52,541.18,11/4/2021,364 Oakridge Point,Credit Card,Pending,Standard
501,501,501,86,531.85,9/16/2021,266 Namekagon Place,Credit Card,Shipped,Next Day
502,502,502,25,472.35,8/29/2021,89 Waywood Lane,Credit Card,Shipped,Express
503,503,503,73,662.59,6/10/2021,972 Twin Pines Street,PayPal,Pending,Standard
504,504,504,60,925.43,12/30/2021,00469 Northwestern Drive,PayPal,Delivered,Next Day
505,505,505,59,124.96,12/16/2021,5637 Annamark Street,PayPal,Pending,Next Day
506,506,506,24,359.53,4/19/2021,22 Hayes Pass,PayPal,Shipped,Express
507,507,507,99,249.72,12/5/2021,787 Sundown Parkway,Credit Card,Pending,Next Day
508,508,508,81,76.88,1/29/2021,67 Independence Point,PayPal,Delivered,Standard
509,509,509,2,629.11,3/30/2021,12924 Vahlen Pass,Credit Card,Pending,Next Day
510,510,510,26,915.39,8/6/2021,93 2nd Hill,Credit Card,Shipped,Standard
511,511,511,4,434.78,7/28/2021,391 Westend Point,Credit Card,Shipped,Standard
512,512,512,47,589.4,1/13/2021,21 Westerfield Road,PayPal,Shipped,Express
513,513,513,72,851.65,1/16/2021,65703 Division Center,Credit Card,Pending,Express
514,514,514,56,776.8,1/19/2021,49901 Larry Drive,PayPal,Shipped,Standard
515,515,515,82,848.14,11/13/2021,226 Clarendon Trail,Credit Card,Pending,Standard
516,516,516,4,20.49,9/3/2021,91 7th Way,PayPal,Pending,Next Day
517,517,517,82,586.54,8/20/2021,1381 Upham Hill,Cash,Pending,Standard
518,518,518,81,978.14,5/21/2021,6552 Merchant Point,PayPal,Delivered,Next Day
519,519,519,45,335.32,12/22/2021,29207 Mosinee Alley,Cash,Pending,Express
520,520,520,17,2.36,7/24/2021,956 Hauk Avenue,Credit Card,Shipped,Next Day
521,521,521,43,776.47,5/24/2021,77031 Dennis Hill,Cash,Delivered,Express
522,522,522,31,194.22,11/29/2021,850 Derek Drive,PayPal,Delivered,Express
523,523,523,56,513.94,10/27/2021,73 Vera Point,Credit Card,Shipped,Next Day
524,524,524,48,442.41,1/10/2021,322 Barnett Pass,PayPal,Delivered,Express
525,525,525,40,38.69,9/13/2021,99 Green Circle,Credit Card,Pending,Next Day
526,526,526,67,236.13,6/5/2021,87426 Loomis Junction,Cash,Shipped,Standard
527,527,527,74,919.68,7/21/2021,7 Nobel Pass,Cash,Shipped,Standard
528,528,528,16,97.01,8/21/2021,044 Harper Street,PayPal,Delivered,Standard
529,529,529,27,644.28,4/11/2021,263 Laurel Alley,PayPal,Shipped,Next Day
530,530,530,82,397.97,10/31/2021,121 Hayes Hill,Credit Card,Shipped,Express
531,531,531,13,285.91,4/21/2021,8586 Division Parkway,Credit Card,Delivered,Express
532,532,532,19,579.84,3/20/2021,495 Bashford Parkway,PayPal,Delivered,Express
533,533,533,88,757.27,7/3/2021,76865 Bunting Center,Cash,Shipped,Standard
534,534,534,47,788.4,5/31/2021,9 Scofield Terrace,PayPal,Pending,Express
535,535,535,28,651.81,3/2/2021,4421 Algoma Court,PayPal,Shipped,Express
536,536,536,90,655.96,8/26/2021,48 Northview Trail,Cash,Delivered,Standard
537,537,537,67,709.29,7/10/2021,3 Bultman Avenue,Credit Card,Pending,Express
538,538,538,97,553.44,8/26/2021,44 Donald Park,Credit Card,Pending,Next Day
539,539,539,62,576.07,4/2/2021,0 New Castle Center,PayPal,Delivered,Next Day
540,540,540,14,377.05,5/31/2021,9 Trailsway Street,Cash,Pending,Next Day
541,541,541,32,440.77,5/30/2021,7 Gina Trail,Cash,Shipped,Express
542,542,542,92,777.18,9/17/2021,38879 New Castle Way,PayPal,Delivered,Next Day
543,543,543,29,279.02,6/19/2021,89 Dixon Terrace,Cash,Delivered,Next Day
544,544,544,63,681.82,5/11/2021,146 Birchwood Drive,Credit Card,Pending,Next Day
545,545,545,56,369.9,10/7/2021,294 Northfield Drive,PayPal,Shipped,Express
546,546,546,44,56.58,7/3/2021,54960 Milwaukee Plaza,Cash,Delivered,Standard
547,547,547,79,201.26,7/3/2021,20 North Street,PayPal,Shipped,Next Day
548,548,548,44,107.49,8/19/2021,043 Ronald Regan Junction,Credit Card,Shipped,Standard
549,549,549,34,124.25,9/23/2021,846 Thackeray Court,Credit Card,Shipped,Express
550,550,550,72,938.13,7/22/2021,2 Eliot Plaza,PayPal,Delivered,Express
551,551,551,28,166.59,12/18/2021,55975 Fairview Plaza,PayPal,Delivered,Standard
552,552,552,36,388.96,1/10/2021,39277 Old Shore Alley,Cash,Delivered,Express
553,553,553,50,516.36,1/31/2021,9729 Bay Trail,Cash,Delivered,Standard
554,554,554,40,492.19,2/24/2021,0149 Twin Pines Alley,PayPal,Shipped,Standard
555,555,555,25,816.48,5/10/2021,2 Northfield Terrace,Cash,Pending,Express
556,556,556,71,132.13,12/25/2021,1 Judy Alley,Credit Card,Delivered,Next Day
557,557,557,80,770.88,1/10/2021,29270 Basil Place,PayPal,Pending,Express
558,558,558,51,155.19,12/27/2021,675 Mcguire Pass,PayPal,Pending,Express
559,559,559,27,346.9,2/17/2021,07 Hansons Alley,PayPal,Delivered,Express
560,560,560,67,378.6,12/20/2021,941 Burrows Point,PayPal,Delivered,Express
561,561,561,80,254.14,10/12/2021,30460 International Lane,PayPal,Delivered,Express
562,562,562,2,753.52,1/7/2021,78 Loftsgordon Park,Credit Card,Pending,Express
563,563,563,85,16.99,6/5/2021,65689 North Point,PayPal,Delivered,Next Day
564,564,564,45,81.1,4/29/2021,237 Buena Vista Street,Credit Card,Shipped,Next Day
565,565,565,90,234.16,5/30/2021,278 Chinook Circle,Cash,Pending,Next Day
566,566,566,61,774.64,3/3/2021,40 Sundown Terrace,Credit Card,Pending,Standard
567,567,567,40,776.8,7/8/2021,052 Elmside Avenue,Credit Card,Pending,Express
568,568,568,35,374.48,6/17/2021,1799 Raven Road,PayPal,Pending,Standard
569,569,569,57,211.2,10/16/2021,99 Kropf Place,PayPal,Pending,Next Day
570,570,570,88,785.35,2/2/2021,059 Burrows Pass,Credit Card,Pending,Express
571,571,571,43,75.26,4/7/2021,13 Michigan Point,Credit Card,Delivered,Standard
572,572,572,77,811.59,10/26/2021,66863 Talmadge Crossing,PayPal,Delivered,Standard
573,573,573,41,841.62,4/8/2021,224 Old Shore Pass,Cash,Delivered,Next Day
574,574,574,35,251.57,1/21/2021,3 Dayton Hill,Cash,Delivered,Express
575,575,575,24,359.88,3/8/2021,254 Del Sol Pass,Cash,Shipped,Standard
576,576,576,62,715.81,5/17/2021,6 Ryan Way,PayPal,Delivered,Next Day
577,577,577,35,72.61,3/6/2021,105 Forster Street,Cash,Shipped,Express
578,578,578,59,553.2,1/15/2021,99 Darwin Road,Credit Card,Shipped,Next Day
579,579,579,38,291.84,2/12/2021,18710 Twin Pines Junction,PayPal,Shipped,Express
580,580,580,51,170.42,12/27/2021,942 Ilene Hill,Cash,Pending,Express
581,581,581,1,301.74,12/25/2021,39 Kensington Way,Cash,Shipped,Standard
582,582,582,79,658.37,11/26/2021,7 Morrow Center,Credit Card,Pending,Express
583,583,583,6,178.66,5/1/2021,61005 Westport Drive,Credit Card,Shipped,Next Day
584,584,584,49,863.48,7/17/2021,55279 Hagan Alley,Credit Card,Pending,Next Day
585,585,585,52,502.54,2/7/2021,52232 Bunker Hill Hill,PayPal,Delivered,Standard
586,586,586,87,423.19,2/9/2021,33769 Alpine Junction,Cash,Pending,Express
587,587,587,12,232.56,9/8/2021,4891 Homewood Terrace,Cash,Shipped,Standard
588,588,588,9,122.17,9/9/2021,66590 Hollow Ridge Point,Credit Card,Pending,Next Day
589,589,589,46,700.72,1/31/2021,2 Shasta Place,PayPal,Pending,Next Day
590,590,590,88,313.82,2/5/2021,487 Transport Circle,Credit Card,Pending,Standard
591,591,591,97,419.37,2/23/2021,5 Crownhardt Lane,Cash,Delivered,Standard
592,592,592,90,691.35,9/12/2021,61422 Dapin Circle,Credit Card,Pending,Standard
593,593,593,35,27.25,8/12/2021,73 Northridge Street,PayPal,Shipped,Express
594,594,594,31,208.14,10/18/2021,06 Carpenter Alley,PayPal,Delivered,Standard
595,595,595,52,416.43,6/20/2021,334 Kropf Road,Credit Card,Pending,Next Day
596,596,596,40,930.65,1/23/2021,775 Maywood Point,Credit Card,Delivered,Express
597,597,597,9,911.04,12/10/2021,88678 Erie Pass,Credit Card,Delivered,Next Day
598,598,598,74,34.92,10/3/2021,585 Utah Park,Credit Card,Delivered,Next Day
599,599,599,42,244.67,12/29/2021,63 Blaine Park,PayPal,Shipped,Standard
600,600,600,41,158.43,8/17/2021,69 Scoville Lane,PayPal,Pending,Express
601,601,601,4,815.89,5/7/2021,1010 Buhler Park,Credit Card,Delivered,Next Day
602,602,602,14,195.54,6/21/2021,8032 Havey Trail,PayPal,Delivered,Standard
603,603,603,70,652.3,6/15/2021,384 Village Green Court,Cash,Pending,Next Day
604,604,604,77,731.48,11/5/2021,09 Hoffman Lane,Cash,Delivered,Standard
605,605,605,61,130.61,5/12/2021,8 Prairie Rose Terrace,PayPal,Shipped,Next Day
606,606,606,42,258.77,7/20/2021,599 Oak Junction,PayPal,Shipped,Next Day
607,607,607,94,572.04,9/6/2021,97 Spenser Terrace,Credit Card,Shipped,Standard
608,608,608,2,42.8,4/8/2021,76643 Canary Drive,Cash,Pending,Standard
609,609,609,97,941.7,6/24/2021,108 Loomis Terrace,Cash,Pending,Express
610,610,610,75,83.28,7/8/2021,87 Northwestern Plaza,Credit Card,Shipped,Standard
611,611,611,67,225.86,1/31/2021,7 Pepper Wood Way,Credit Card,Delivered,Next Day
612,612,612,59,586.83,3/30/2021,70 Debs Parkway,Cash,Shipped,Standard
613,613,613,94,786.9,10/19/2021,08 Meadow Ridge Terrace,PayPal,Shipped,Next Day
614,614,614,44,454.41,7/9/2021,74256 Melody Drive,Cash,Delivered,Next Day
615,615,615,90,527.42,8/26/2021,99 Carey Trail,PayPal,Pending,Next Day
616,616,616,91,796.45,1/13/2021,99392 Cordelia Trail,Credit Card,Delivered,Standard
617,617,617,11,549.73,7/29/2021,4030 Gulseth Parkway,PayPal,Pending,Express
618,618,618,3,243.81,4/7/2021,55 Roth Avenue,Credit Card,Pending,Express
619,619,619,19,116.28,7/2/2021,13 Green Ridge Drive,Credit Card,Pending,Standard
620,620,620,54,751.34,11/17/2021,6 Melby Hill,PayPal,Delivered,Next Day
621,621,621,5,523.29,11/9/2021,82464 Esch Trail,PayPal,Shipped,Next Day
622,622,622,12,875.59,11/27/2021,0 Spenser Drive,Credit Card,Delivered,Standard
623,623,623,55,544.58,10/25/2021,660 Lerdahl Pass,PayPal,Pending,Next Day
624,624,624,9,27.67,10/7/2021,144 West Trail,Cash,Shipped,Standard
625,625,625,46,972.33,3/30/2021,34124 Jackson Crossing,Credit Card,Pending,Next Day
626,626,626,15,683.04,10/1/2021,044 Starling Place,PayPal,Pending,Standard
627,627,627,82,776.52,6/18/2021,41512 Summerview Pass,Credit Card,Shipped,Standard
628,628,628,93,20.37,3/30/2021,807 Hanson Street,Cash,Shipped,Express
629,629,629,90,560.39,12/3/2021,67134 Gina Place,Cash,Delivered,Express
630,630,630,52,699.01,12/28/2021,0 Novick Road,Credit Card,Shipped,Express
631,631,631,59,627.33,12/6/2021,25024 Monument Place,PayPal,Delivered,Next Day
632,632,632,39,129.1,11/19/2021,48417 Erie Street,Credit Card,Delivered,Express
633,633,633,3,681.81,11/17/2021,61112 Crest Line Road,PayPal,Pending,Express
634,634,634,23,650.72,7/23/2021,9596 Clyde Gallagher Hill,Cash,Pending,Express
635,635,635,59,358.96,4/15/2021,7118 Darwin Point,Credit Card,Delivered,Express
636,636,636,49,406.53,7/18/2021,8993 Anderson Center,Cash,Pending,Express
637,637,637,75,89.95,3/14/2021,075 Surrey Alley,Credit Card,Delivered,Standard
638,638,638,20,968.97,6/25/2021,1801 Lake View Pass,Cash,Delivered,Express
639,639,639,25,896.76,7/13/2021,96686 Meadow Ridge Pass,PayPal,Shipped,Next Day
640,640,640,81,699.5,12/12/2021,6318 Anthes Park,Credit Card,Delivered,Express
641,641,641,34,437.79,5/3/2021,27 Pierstorff Avenue,PayPal,Delivered,Standard
642,642,642,6,587.72,11/5/2021,51122 Banding Way,PayPal,Delivered,Express
643,643,643,2,525.95,3/11/2021,9013 Bluejay Hill,PayPal,Delivered,Next Day
644,644,644,33,250.19,5/9/2021,7850 Grim Drive,PayPal,Shipped,Next Day
645,645,645,11,157.53,11/18/2021,905 Cody Parkway,Cash,Shipped,Next Day
646,646,646,58,126.56,6/9/2021,5 Anhalt Lane,PayPal,Shipped,Standard
647,647,647,37,74.52,4/30/2021,27 Atwood Plaza,Cash,Pending,Next Day
648,648,648,76,803.26,4/12/2021,65 Dryden Plaza,Credit Card,Shipped,Next Day
649,649,649,19,468.26,9/4/2021,9428 Forster Trail,Cash,Shipped,Next Day
650,650,650,80,92.49,10/13/2021,6032 Hanover Point,PayPal,Shipped,Next Day
651,651,651,84,615.06,8/27/2021,188 Division Circle,Credit Card,Shipped,Standard
652,652,652,27,59.47,1/18/2021,90 Vernon Lane,PayPal,Pending,Express
653,653,653,17,269.68,1/5/2021,4109 Elka Avenue,PayPal,Pending,Standard
654,654,654,9,272.12,1/10/2021,350 Fuller Terrace,Cash,Delivered,Standard
655,655,655,94,53.83,2/10/2021,2 Orin Plaza,Credit Card,Pending,Next Day
656,656,656,55,518.52,9/5/2021,49243 Katie Crossing,Cash,Shipped,Standard
657,657,657,3,696.63,9/16/2021,6 Dapin Crossing,Credit Card,Delivered,Next Day
658,658,658,50,424.27,8/14/2021,59 Eagan Avenue,Cash,Shipped,Express
659,659,659,51,900.26,2/15/2021,22 Oakridge Road,Cash,Pending,Express
660,660,660,81,408.13,5/16/2021,73 Lindbergh Lane,Credit Card,Shipped,Express
661,661,661,43,951.88,1/17/2021,44541 Vahlen Street,Cash,Pending,Express
662,662,662,59,594.3,1/26/2021,7 Mallard Avenue,Cash,Shipped,Next Day
663,663,663,44,760.44,9/4/2021,4018 Forest Center,Credit Card,Delivered,Next Day
664,664,664,81,383.6,5/26/2021,92727 Westend Park,Cash,Shipped,Next Day
665,665,665,36,982.02,1/26/2021,69 Westerfield Alley,Cash,Shipped,Next Day
666,666,666,43,940.18,3/7/2021,7 Summerview Alley,Cash,Shipped,Next Day
667,667,667,61,547.37,2/8/2021,393 Donald Center,PayPal,Pending,Express
668,668,668,78,242.52,4/27/2021,979 Randy Terrace,Credit Card,Delivered,Next Day
669,669,669,86,466.68,3/20/2021,060 Transport Circle,PayPal,Pending,Next Day
670,670,670,87,397.51,5/21/2021,6 Bluestem Circle,Cash,Delivered,Standard
671,671,671,14,318.52,3/5/2021,0745 Farmco Drive,Credit Card,Shipped,Next Day
672,672,672,72,104.98,1/13/2021,50 Stuart Lane,Credit Card,Shipped,Standard
673,673,673,84,412.86,12/30/2021,16165 Moulton Junction,Credit Card,Shipped,Next Day
674,674,674,31,78.49,6/2/2021,5123 Susan Parkway,PayPal,Shipped,Standard
675,675,675,50,514.51,1/1/2021,2 Evergreen Road,Cash,Delivered,Next Day
676,676,676,44,779.16,2/3/2021,45799 Darwin Terrace,Cash,Pending,Next Day
677,677,677,44,929.01,10/11/2021,13356 Blue Bill Park Park,PayPal,Delivered,Express
678,678,678,96,393.11,11/27/2021,7339 Shelley Junction,Cash,Pending,Express
679,679,679,35,652.36,2/7/2021,60 Holy Cross Pass,PayPal,Pending,Next Day
680,680,680,74,900.7,11/2/2021,143 Transport Circle,Credit Card,Delivered,Express
681,681,681,44,227.63,3/17/2021,07 Schmedeman Way,Credit Card,Pending,Standard
682,682,682,82,76.38,7/28/2021,87 Corscot Street,PayPal,Delivered,Next Day
683,683,683,14,597.48,6/8/2021,85 Forest Circle,PayPal,Pending,Standard
684,684,684,5,212.17,5/19/2021,51 Killdeer Place,PayPal,Pending,Next Day
685,685,685,14,803.0,11/7/2021,02878 Glacier Hill Road,PayPal,Shipped,Next Day
686,686,686,6,16.2,9/4/2021,39 Vernon Alley,Credit Card,Shipped,Next Day
687,687,687,18,115.28,4/7/2021,912 Eastlawn Center,Cash,Delivered,Standard
688,688,688,61,791.67,6/5/2021,25948 Granby Street,Credit Card,Delivered,Standard
689,689,689,14,57.86,6/3/2021,48691 Chive Hill,PayPal,Pending,Express
690,690,690,90,637.16,2/7/2021,7968 Fairview Lane,Cash,Delivered,Next Day
691,691,691,5,45.81,10/25/2021,8595 Golf Course Avenue,PayPal,Shipped,Express
692,692,692,46,103.31,9/29/2021,157 Commercial Pass,Cash,Delivered,Express
693,693,693,40,537.17,2/1/2021,3 Tennessee Lane,PayPal,Shipped,Express
694,694,694,52,197.21,8/10/2021,4571 Novick Hill,Cash,Pending,Standard
695,695,695,73,846.44,11/8/2021,51465 Pankratz Lane,PayPal,Delivered,Standard
696,696,696,5,884.29,12/13/2021,28 Monica Hill,PayPal,Delivered,Express
697,697,697,56,215.12,9/21/2021,9994 Schlimgen Park,Credit Card,Shipped,Next Day
698,698,698,1,460.03,12/24/2021,43270 Evergreen Lane,PayPal,Shipped,Next Day
699,699,699,41,876.79,12/23/2021,115 Tennyson Plaza,PayPal,Delivered,Express
700,700,700,94,791.58,7/19/2021,29 Lillian Drive,Cash,Pending,Express
701,701,701,83,42.68,4/17/2021,7 Havey Terrace,Credit Card,Shipped,Standard
702,702,702,99,567.1,8/1/2021,88 Schiller Street,Cash,Delivered,Standard
703,703,703,85,249.91,6/25/2021,966 Sunfield Street,PayPal,Pending,Standard
704,704,704,9,915.11,9/18/2021,62781 Maryland Court,PayPal,Delivered,Standard
705,705,705,36,464.75,9/16/2021,14865 Killdeer Trail,Credit Card,Delivered,Standard
706,706,706,36,46.24,10/24/2021,18752 Pine View Drive,Cash,Pending,Express
707,707,707,16,5.91,5/6/2021,968 Kipling Parkway,Cash,Delivered,Express
708,708,708,9,983.42,8/29/2021,3 La Follette Alley,Cash,Shipped,Express
709,709,709,77,272.57,9/26/2021,26 Crescent Oaks Point,Cash,Delivered,Express
710,710,710,59,881.99,2/21/2021,816 Fairview Center,PayPal,Shipped,Express
711,711,711,39,695.88,8/17/2021,3340 Harbort Drive,Cash,Pending,Express
712,712,712,2,341.23,6/26/2021,3 Anhalt Park,Credit Card,Delivered,Standard
713,713,713,10,656.0,12/15/2021,1398 Gale Avenue,PayPal,Shipped,Standard
714,714,714,83,132.48,4/18/2021,639 6th Way,PayPal,Shipped,Next Day
715,715,715,4,347.16,12/13/2021,6562 Brown Park,PayPal,Pending,Express
716,716,716,49,101.44,3/28/2021,4 Kinsman Avenue,Credit Card,Pending,Next Day
717,717,717,69,736.92,8/9/2021,5 Norway Maple Alley,Cash,Shipped,Standard
718,718,718,70,403.87,6/17/2021,0986 Hayes Junction,Cash,Pending,Next Day
719,719,719,61,257.73,3/4/2021,0 Declaration Pass,Credit Card,Shipped,Next Day
720,720,720,69,865.95,12/19/2021,063 Messerschmidt Point,Cash,Shipped,Standard
721,721,721,84,271.83,1/14/2021,18 Debs Court,PayPal,Delivered,Next Day
722,722,722,82,612.06,10/20/2021,2277 Crest Line Drive,Credit Card,Pending,Next Day
723,723,723,43,84.63,4/19/2021,70206 Carberry Center,Cash,Delivered,Next Day
724,724,724,99,525.55,1/7/2021,5 Barby Hill,PayPal,Pending,Next Day
725,725,725,7,101.61,6/23/2021,7 Boyd Crossing,Credit Card,Delivered,Standard
726,726,726,21,422.58,5/27/2021,38 Division Lane,Credit Card,Shipped,Express
727,727,727,29,331.65,8/30/2021,721 Old Shore Court,Cash,Delivered,Express
728,728,728,46,341.35,3/3/2021,1 Jay Avenue,Credit Card,Shipped,Express
729,729,729,70,809.4,3/2/2021,51 Autumn Leaf Way,Cash,Pending,Next Day
730,730,730,30,473.17,12/15/2021,837 Hollow Ridge Crossing,Cash,Pending,Express
731,731,731,24,980.27,7/4/2021,04 American Ash Crossing,Credit Card,Delivered,Express
732,732,732,91,869.55,12/16/2021,36038 Brown Drive,Credit Card,Shipped,Next Day
733,733,733,86,770.28,12/25/2021,54 Spenser Parkway,PayPal,Pending,Next Day
734,734,734,23,528.92,12/13/2021,1 Clove Point,Cash,Delivered,Standard
735,735,735,76,120.23,1/7/2021,58394 Corry Place,PayPal,Pending,Standard
736,736,736,62,142.35,9/28/2021,494 Chinook Parkway,Cash,Delivered,Next Day
737,737,737,85,977.82,4/13/2021,7723 Calypso Court,Cash,Shipped,Next Day
738,738,738,32,982.59,5/25/2021,067 Anniversary Center,PayPal,Shipped,Express
739,739,739,1,901.61,5/1/2021,6 Blackbird Court,Cash,Delivered,Standard
740,740,740,88,340.7,4/27/2021,38855 Holy Cross Junction,Credit Card,Shipped,Express
741,741,741,7,563.09,4/24/2021,255 Pine View Place,Cash,Shipped,Express
742,742,742,11,826.76,2/14/2021,16 Dryden Place,Credit Card,Delivered,Next Day
743,743,743,91,924.22,11/26/2021,60359 Shoshone Alley,Credit Card,Pending,Next Day
744,744,744,22,305.14,8/31/2021,07980 Dixon Parkway,PayPal,Delivered,Express
745,745,745,100,791.55,10/21/2021,6657 Moose Terrace,Cash,Pending,Standard
746,746,746,2,345.02,3/12/2021,4137 Texas Circle,Credit Card,Shipped,Standard
747,747,747,99,901.2,8/31/2021,67825 Artisan Hill,Credit Card,Pending,Express
748,748,748,56,601.88,5/4/2021,8 Hoard Point,Cash,Shipped,Next Day
749,749,749,5,772.47,8/15/2021,7660 Acker Point,Cash,Pending,Standard
750,750,750,43,268.84,8/11/2021,424 Forest Dale Parkway,PayPal,Delivered,Next Day
751,751,751,51,630.55,4/14/2021,3 North Court,PayPal,Shipped,Standard
752,752,752,81,501.62,6/5/2021,6 Weeping Birch Crossing,PayPal,Pending,Next Day
753,753,753,59,522.85,1/23/2021,9570 Sullivan Avenue,Credit Card,Delivered,Express
754,754,754,87,174.65,11/9/2021,679 Redwing Drive,Cash,Shipped,Express
755,755,755,73,382.27,7/19/2021,56873 Roxbury Alley,Credit Card,Pending,Express
756,756,756,59,164.04,2/3/2021,83066 Coolidge Hill,PayPal,Shipped,Next Day
757,757,757,7,440.56,12/22/2021,1 Lakewood Court,Cash,Delivered,Express
758,758,758,30,349.88,7/25/2021,529 Jay Park,PayPal,Delivered,Next Day
759,759,759,15,511.19,4/21/2021,3 Park Meadow Road,Credit Card,Pending,Express
760,760,760,39,965.7,1/16/2021,25182 Lotheville Alley,Cash,Shipped,Standard
761,761,761,67,215.3,7/3/2021,27 Spenser Alley,Credit Card,Pending,Express
762,762,762,19,131.35,3/14/2021,440 North Circle,PayPal,Shipped,Express
763,763,763,48,599.89,12/15/2021,55594 Anderson Street,PayPal,Shipped,Express
764,764,764,93,125.7,1/3/2021,61 Hooker Drive,Credit Card,Shipped,Standard
765,765,765,5,132.3,6/18/2021,7 Tennyson Alley,PayPal,Shipped,Standard
766,766,766,14,223.32,5/29/2021,22 Kennedy Crossing,Credit Card,Shipped,Standard
767,767,767,1,458.1,11/12/2021,807 Sutteridge Park,Credit Card,Pending,Express
768,768,768,100,908.13,5/7/2021,4 Jenifer Street,Cash,Shipped,Next Day
769,769,769,57,777.08,10/12/2021,9393 Autumn Leaf Avenue,PayPal,Delivered,Standard
770,770,770,12,772.31,4/21/2021,2020 Jenifer Lane,Cash,Shipped,Next Day
771,771,771,9,370.66,1/29/2021,51301 Morningstar Point,PayPal,Pending,Standard
772,772,772,23,49.04,3/7/2021,87 Sachs Parkway,Cash,Shipped,Next Day
773,773,773,93,155.82,9/27/2021,8 Coolidge Way,Cash,Pending,Express
774,774,774,87,936.38,1/7/2021,16734 Mallard Junction,Credit Card,Pending,Standard
775,775,775,84,752.29,4/11/2021,3 Elka Alley,PayPal,Delivered,Next Day
776,776,776,53,510.56,12/12/2021,220 Johnson Place,PayPal,Pending,Next Day
777,777,777,54,814.76,8/18/2021,9 Elmside Avenue,Credit Card,Shipped,Standard
778,778,778,37,351.26,8/28/2021,0 Moose Junction,Cash,Pending,Express
779,779,779,26,588.21,6/13/2021,737 Aberg Avenue,Credit Card,Pending,Next Day
780,780,780,90,275.28,5/16/2021,5 Ohio Court,PayPal,Shipped,Next Day
781,781,781,15,63.6,2/14/2021,01347 Oneill Hill,Credit Card,Pending,Next Day
782,782,782,59,509.0,2/28/2021,105 Hermina Drive,Credit Card,Pending,Standard
783,783,783,38,920.34,9/25/2021,35 Mayfield Alley,Cash,Pending,Express
784,784,784,41,518.72,1/16/2021,6032 Tomscot Parkway,Cash,Delivered,Standard
785,785,785,78,551.28,9/3/2021,73 Thackeray Park,Credit Card,Shipped,Express
786,786,786,80,298.48,1/3/2021,2 Stuart Point,Cash,Shipped,Standard
787,787,787,71,814.05,11/27/2021,0585 Maple Wood Junction,Cash,Pending,Standard
788,788,788,35,281.29,6/20/2021,068 Bunting Circle,Credit Card,Pending,Express
789,789,789,11,901.18,9/14/2021,37 Randy Alley,Credit Card,Delivered,Express
790,790,790,19,346.63,3/29/2021,070 Ruskin Lane,Cash,Delivered,Next Day
791,791,791,38,770.83,2/27/2021,751 Helena Circle,Cash,Delivered,Standard
792,792,792,87,926.79,8/12/2021,751 Warrior Trail,PayPal,Pending,Next Day
793,793,793,44,161.67,2/28/2021,18 Granby Road,Credit Card,Pending,Express
794,794,794,6,992.9,2/27/2021,7 Lakeland Place,Cash,Delivered,Next Day
795,795,795,62,975.0,3/21/2021,2 Butterfield Place,PayPal,Pending,Next Day
796,796,796,62,86.99,8/17/2021,38313 Transport Terrace,Credit Card,Shipped,Express
797,797,797,3,667.14,2/14/2021,1 Hanover Terrace,Credit Card,Shipped,Express
798,798,798,73,663.61,7/9/2021,779 Mccormick Road,PayPal,Shipped,Express
799,799,799,19,455.54,9/20/2021,46545 Derek Crossing,PayPal,Delivered,Next Day
800,800,800,88,464.01,4/15/2021,130 Schlimgen Crossing,PayPal,Delivered,Express
801,801,801,65,606.09,8/30/2021,6614 Barnett Way,Credit Card,Shipped,Next Day
802,802,802,32,443.46,12/5/2021,706 Kennedy Junction,PayPal,Shipped,Standard
803,803,803,33,718.76,3/5/2021,73 Clove Plaza,Credit Card,Shipped,Standard
804,804,804,27,992.23,11/17/2021,261 Miller Road,Credit Card,Pending,Express
805,805,805,5,700.44,7/14/2021,81 Fordem Way,Cash,Pending,Next Day
806,806,806,47,977.19,11/6/2021,500 Ridgeview Place,PayPal,Shipped,Standard
807,807,807,90,741.01,1/25/2021,4879 Wayridge Drive,PayPal,Pending,Next Day
808,808,808,13,936.34,11/19/2021,036 8th Road,PayPal,Shipped,Express
809,809,809,66,169.38,3/5/2021,5374 Northridge Road,Credit Card,Pending,Next Day
810,810,810,17,608.26,11/6/2021,32 Thierer Street,Credit Card,Shipped,Express
811,811,811,10,247.98,9/6/2021,08075 Buhler Trail,PayPal,Shipped,Standard
812,812,812,37,957.02,5/2/2021,4 Sage Drive,PayPal,Delivered,Express
813,813,813,56,823.84,2/28/2021,9 2nd Avenue,Credit Card,Shipped,Next Day
814,814,814,57,836.08,8/30/2021,888 Brown Avenue,Cash,Pending,Next Day
815,815,815,30,270.72,1/31/2021,2 Eagle Crest Junction,Cash,Pending,Express
816,816,816,78,506.64,7/4/2021,354 Kingsford Park,Cash,Pending,Standard
817,817,817,6,543.79,3/14/2021,507 Bartillon Crossing,PayPal,Shipped,Next Day
818,818,818,55,187.71,11/13/2021,3990 Roxbury Junction,Credit Card,Pending,Standard
819,819,819,81,75.52,6/29/2021,70665 Farragut Court,Cash,Pending,Express
820,820,820,35,793.2,10/5/2021,20549 Walton Terrace,Credit Card,Delivered,Express
821,821,821,41,156.05,4/15/2021,2046 Forest Road,Cash,Shipped,Express
822,822,822,87,609.2,1/19/2021,967 Carpenter Street,Credit Card,Pending,Next Day
823,823,823,24,568.73,4/25/2021,3982 Victoria Road,Cash,Shipped,Standard
824,824,824,58,796.91,10/13/2021,2727 Buell Pass,PayPal,Delivered,Express
825,825,825,5,704.78,2/20/2021,07195 Randy Trail,PayPal,Shipped,Express
826,826,826,57,292.44,12/19/2021,3840 Iowa Trail,PayPal,Shipped,Standard
827,827,827,67,470.91,1/3/2021,5 Grim Road,PayPal,Shipped,Express
828,828,828,61,951.63,2/11/2021,20 Di Loreto Center,PayPal,Shipped,Standard
829,829,829,60,383.7,10/18/2021,9 Marcy Drive,Credit Card,Pending,Express
830,830,830,88,649.54,3/8/2021,12440 Stang Center,PayPal,Delivered,Standard
831,831,831,60,961.54,8/5/2021,98366 Bluejay Court,Cash,Shipped,Next Day
832,832,832,91,189.27,2/17/2021,256 Anderson Plaza,Credit Card,Shipped,Standard
833,833,833,38,364.24,10/17/2021,6 Manufacturers Junction,PayPal,Shipped,Next Day
834,834,834,23,945.91,8/5/2021,875 Sommers Court,Cash,Pending,Express
835,835,835,49,871.98,4/5/2021,19158 Sherman Drive,Credit Card,Shipped,Standard
836,836,836,89,896.81,3/28/2021,78465 Northridge Parkway,PayPal,Shipped,Express
837,837,837,63,316.74,9/14/2021,18741 West Place,PayPal,Shipped,Next Day
838,838,838,10,505.83,10/20/2021,2178 Dwight Junction,PayPal,Shipped,Next Day
839,839,839,2,542.81,4/27/2021,3158 Basil Way,Cash,Pending,Standard
840,840,840,7,375.34,1/1/2021,9 Ridgeway Road,Credit Card,Delivered,Standard
841,841,841,48,801.97,7/2/2021,28 Farmco Terrace,Cash,Pending,Express
842,842,842,99,532.21,2/5/2021,4155 Grayhawk Court,Credit Card,Pending,Next Day
843,843,843,71,105.71,8/13/2021,939 Quincy Point,PayPal,Delivered,Express
844,844,844,97,696.55,10/25/2021,6 Macpherson Hill,PayPal,Pending,Next Day
845,845,845,31,5.52,9/21/2021,02518 Arizona Crossing,Credit Card,Delivered,Standard
846,846,846,10,259.96,7/30/2021,02 Sundown Plaza,PayPal,Pending,Express
847,847,847,6,886.52,11/2/2021,641 Oxford Pass,PayPal,Delivered,Next Day
848,848,848,37,876.65,9/1/2021,312 Algoma Street,Cash,Delivered,Next Day
849,849,849,57,307.9,4/27/2021,6872 Twin Pines Point,PayPal,Shipped,Express
850,850,850,2,621.63,4/2/2021,47962 Meadow Valley Court,PayPal,Pending,Next Day
851,851,851,99,774.74,8/30/2021,7645 Hintze Terrace,Credit Card,Shipped,Express
852,852,852,32,217.47,12/2/2021,224 Anhalt Alley,Credit Card,Pending,Express
853,853,853,47,711.19,5/3/2021,466 Anthes Circle,Credit Card,Delivered,Express
854,854,854,61,770.66,11/1/2021,60074 Oakridge Hill,Credit Card,Pending,Next Day
855,855,855,26,46.66,8/29/2021,7 Superior Court,Cash,Pending,Express
856,856,856,86,481.71,5/23/2021,942 Lawn Parkway,PayPal,Shipped,Next Day
857,857,857,46,922.06,8/6/2021,63566 Toban Alley,PayPal,Shipped,Next Day
858,858,858,75,259.01,2/13/2021,252 Ryan Lane,Credit Card,Shipped,Standard
859,859,859,31,761.5,2/12/2021,75 Cambridge Junction,Credit Card,Delivered,Standard
860,860,860,73,702.37,9/28/2021,24471 Basil Avenue,PayPal,Delivered,Next Day
861,861,861,6,81.45,3/16/2021,715 Bunting Alley,Cash,Pending,Express
862,862,862,57,531.74,3/1/2021,34 Schlimgen Place,PayPal,Pending,Express
863,863,863,51,257.89,11/5/2021,83376 Utah Court,Credit Card,Pending,Standard
864,864,864,97,112.19,4/24/2021,78 Brentwood Plaza,Cash,Shipped,Express
865,865,865,77,721.04,3/8/2021,33 Cody Court,Cash,Pending,Express
866,866,866,83,861.7,9/26/2021,8 Sachtjen Terrace,PayPal,Delivered,Next Day
867,867,867,36,251.31,12/4/2021,773 Mccormick Center,Cash,Shipped,Express
868,868,868,82,374.3,7/10/2021,65109 Lukken Street,Cash,Pending,Standard
869,869,869,78,346.93,7/19/2021,62441 Red Cloud Trail,Cash,Pending,Express
870,870,870,39,711.68,3/17/2021,498 Maple Wood Park,Cash,Delivered,Next Day
871,871,871,6,784.47,8/25/2021,9520 Everett Way,PayPal,Delivered,Next Day
872,872,872,79,590.6,12/3/2021,502 Manufacturers Plaza,PayPal,Shipped,Standard
873,873,873,9,119.82,9/14/2021,8466 Dakota Plaza,Credit Card,Pending,Express
874,874,874,50,742.2,5/2/2021,47769 Union Point,PayPal,Shipped,Next Day
875,875,875,47,486.21,11/30/2021,813 Dapin Point,Credit Card,Delivered,Standard
876,876,876,42,678.69,6/28/2021,5 Crownhardt Park,PayPal,Shipped,Standard
877,877,877,68,808.77,1/20/2021,4 Everett Road,Credit Card,Shipped,Standard
878,878,878,85,894.71,9/3/2021,3 Delladonna Park,Cash,Shipped,Express
879,879,879,4,330.66,7/1/2021,56 Becker Street,Cash,Delivered,Next Day
880,880,880,66,731.17,5/22/2021,864 Montana Street,PayPal,Pending,Next Day
881,881,881,30,81.57,3/27/2021,3 Bunker Hill Lane,Credit Card,Shipped,Next Day
882,882,882,32,144.34,2/24/2021,15 Reinke Place,Cash,Shipped,Standard
883,883,883,16,71.15,10/16/2021,898 Schurz Parkway,Cash,Shipped,Express
884,884,884,43,264.65,7/25/2021,096 Meadow Valley Point,Cash,Pending,Express
885,885,885,56,581.79,4/3/2021,28597 Loomis Point,PayPal,Shipped,Standard
886,886,886,26,881.26,3/7/2021,99 Grover Road,Credit Card,Pending,Next Day
887,887,887,8,931.98,3/22/2021,884 Westerfield Parkway,PayPal,Pending,Express
888,888,888,29,591.63,9/12/2021,209 Lake View Circle,Cash,Shipped,Next Day
889,889,889,92,705.18,10/11/2021,9075 Birchwood Crossing,PayPal,Pending,Express
890,890,890,9,190.63,1/31/2021,30299 Rockefeller Road,Credit Card,Shipped,Standard
891,891,891,25,138.48,6/8/2021,03919 Bayside Junction,Credit Card,Delivered,Next Day
892,892,892,76,478.46,12/25/2021,685 Nova Junction,Cash,Pending,Express
893,893,893,17,326.15,11/25/2021,59 Bunting Avenue,Cash,Delivered,Standard
894,894,894,60,608.75,11/27/2021,19 Porter Drive,PayPal,Delivered,Standard
895,895,895,85,863.97,10/20/2021,8 Stoughton Circle,Credit Card,Shipped,Next Day
896,896,896,94,442.33,9/4/2021,2 Sherman Junction,Credit Card,Pending,Next Day
897,897,897,19,243.85,10/20/2021,0799 Old Shore Alley,Cash,Pending,Standard
898,898,898,49,862.87,9/2/2021,533 Arkansas Drive,PayPal,Pending,Next Day
899,899,899,100,843.17,10/6/2021,50 Truax Avenue,Cash,Delivered,Express
900,900,900,22,169.86,5/4/2021,972 Surrey Court,Credit Card,Delivered,Next Day
901,901,901,92,126.13,11/1/2021,9 Burrows Hill,PayPal,Shipped,Express
902,902,902,64,626.09,11/19/2021,7 Meadow Vale Parkway,Credit Card,Shipped,Express
903,903,903,4,393.13,3/22/2021,1 Waxwing Lane,Credit Card,Shipped,Express
904,904,904,63,999.33,6/26/2021,982 Loftsgordon Park,PayPal,Delivered,Next Day
905,905,905,86,789.69,9/20/2021,370 Old Gate Circle,Credit Card,Pending,Express
906,906,906,73,177.96,6/1/2021,7451 Hollow Ridge Point,PayPal,Shipped,Next Day
907,907,907,61,73.77,5/18/2021,4 Toban Crossing,PayPal,Delivered,Express
908,908,908,64,647.92,6/13/2021,44 Eggendart Lane,Cash,Delivered,Standard
909,909,909,73,207.92,11/21/2021,86021 Raven Hill,Cash,Shipped,Next Day
910,910,910,27,959.22,5/23/2021,43 Schurz Place,PayPal,Delivered,Express
911,911,911,88,600.23,11/25/2021,0432 Dawn Parkway,Cash,Shipped,Standard
912,912,912,77,628.69,2/14/2021,21199 Hoffman Park,PayPal,Delivered,Next Day
913,913,913,27,683.38,6/13/2021,02734 Parkside Plaza,Cash,Pending,Next Day
914,914,914,13,109.79,9/30/2021,3 Dawn Trail,PayPal,Delivered,Express
915,915,915,66,182.45,11/23/2021,22761 Schiller Alley,Cash,Pending,Next Day
916,916,916,40,504.18,3/14/2021,79 Melrose Point,Cash,Shipped,Express
917,917,917,35,445.52,6/2/2021,416 South Street,Cash,Pending,Next Day
918,918,918,93,423.44,4/5/2021,22287 Elmside Avenue,PayPal,Pending,Next Day
919,919,919,16,532.96,1/8/2021,057 Blue Bill Park Alley,Credit Card,Shipped,Express
920,920,920,31,489.48,10/23/2021,89 Monica Road,PayPal,Pending,Standard
921,921,921,30,739.29,10/29/2021,0 Shasta Circle,Credit Card,Delivered,Next Day
922,922,922,20,845.6,7/17/2021,20368 Loftsgordon Circle,Credit Card,Pending,Next Day
923,923,923,22,201.98,8/3/2021,28 Kedzie Parkway,Cash,Pending,Next Day
924,924,924,74,296.07,6/7/2021,13277 Huxley Junction,PayPal,Shipped,Standard
925,925,925,23,558.44,11/29/2021,14 Morning Place,Credit Card,Delivered,Express
926,926,926,92,755.0,12/18/2021,66 Lunder Circle,PayPal,Delivered,Next Day
927,927,927,72,666.69,4/25/2021,419 Lukken Avenue,PayPal,Pending,Standard
928,928,928,85,209.71,5/4/2021,23311 Fieldstone Junction,Credit Card,Delivered,Standard
929,929,929,88,168.06,10/30/2021,71 Lerdahl Lane,PayPal,Shipped,Express
930,930,930,64,63.89,5/12/2021,029 Garrison Road,Cash,Pending,Next Day
931,931,931,93,642.35,11/28/2021,30599 Rutledge Road,Cash,Shipped,Next Day
932,932,932,67,450.22,1/28/2021,50 Manufacturers Circle,Cash,Delivered,Express
933,933,933,87,239.12,10/22/2021,096 Elgar Lane,Cash,Delivered,Express
934,934,934,35,991.59,11/3/2021,298 Susan Plaza,Cash,Shipped,Express
935,935,935,11,276.65,5/20/2021,5 Scofield Alley,Cash,Pending,Express
936,936,936,20,239.16,5/26/2021,52 Farmco Pass,Credit Card,Pending,Standard
937,937,937,54,914.2,6/2/2021,33 Boyd Hill,Credit Card,Delivered,Next Day
938,938,938,35,250.03,4/28/2021,67 Rigney Place,PayPal,Delivered,Next Day
939,939,939,95,990.72,12/24/2021,16965 Johnson Street,Cash,Shipped,Express
940,940,940,22,110.9,7/30/2021,5 Rowland Park,PayPal,Delivered,Standard
941,941,941,87,128.9,7/7/2021,44355 Maple Wood Hill,PayPal,Delivered,Standard
942,942,942,28,854.82,7/18/2021,203 Comanche Lane,Cash,Pending,Standard
943,943,943,55,288.91,8/26/2021,8647 Lindbergh Avenue,PayPal,Delivered,Next Day
944,944,944,87,47.17,4/2/2021,4 Sutherland Drive,PayPal,Shipped,Standard
945,945,945,19,835.57,8/2/2021,094 Pond Hill,Cash,Shipped,Next Day
946,946,946,49,655.82,11/19/2021,3 Del Mar Way,Cash,Pending,Express
947,947,947,25,190.93,11/14/2021,230 Pond Hill,Cash,Delivered,Express
948,948,948,88,16.03,2/1/2021,685 Valley Edge Pass,PayPal,Delivered,Standard
949,949,949,13,383.01,8/29/2021,75779 Stoughton Avenue,PayPal,Delivered,Express
950,950,950,65,73.63,8/31/2021,229 Surrey Alley,Cash,Shipped,Next Day
951,951,951,35,373.49,5/30/2021,7052 Lukken Park,PayPal,Shipped,Next Day
952,952,952,28,246.17,9/29/2021,1716 Lien Hill,Credit Card,Pending,Next Day
953,953,953,65,690.39,12/2/2021,2593 Maple Plaza,Cash,Delivered,Standard
954,954,954,49,325.67,4/24/2021,43826 Corben Circle,PayPal,Pending,Standard
955,955,955,23,942.68,11/26/2021,7648 Del Mar Circle,PayPal,Shipped,Standard
956,956,956,41,880.13,11/14/2021,60 Stone Corner Court,Credit Card,Shipped,Standard
957,957,957,93,437.31,6/15/2021,1095 Autumn Leaf Drive,Credit Card,Pending,Express
958,958,958,71,93.93,3/23/2021,80417 Northridge Terrace,Credit Card,Pending,Express
959,959,959,5,41.35,2/28/2021,9816 Mccormick Terrace,Credit Card,Shipped,Standard
960,960,960,10,858.74,11/13/2021,8 Carey Center,Cash,Pending,Express
961,961,961,92,495.44,9/29/2021,2 Hooker Crossing,PayPal,Pending,Next Day
962,962,962,81,7.4,2/14/2021,1 Bonner Court,PayPal,Shipped,Standard
963,963,963,5,883.56,11/4/2021,5 Commercial Drive,Credit Card,Shipped,Express
964,964,964,66,25.34,12/18/2021,4 Glendale Junction,Cash,Pending,Express
965,965,965,62,99.78,5/21/2021,1 Lerdahl Circle,PayPal,Shipped,Express
966,966,966,94,734.42,2/14/2021,04062 Coleman Point,PayPal,Pending,Next Day
967,967,967,63,969.0,11/6/2021,2 Sauthoff Drive,Cash,Shipped,Standard
968,968,968,81,810.35,5/20/2021,1 Warbler Parkway,Cash,Pending,Next Day
969,969,969,65,902.24,2/14/2021,3 Northwestern Park,PayPal,Pending,Express
970,970,970,11,231.38,12/21/2021,096 Weeping Birch Court,PayPal,Shipped,Standard
971,971,971,69,402.27,1/17/2021,17957 Nova Road,PayPal,Shipped,Next Day
972,972,972,8,41.26,1/6/2021,5960 Harper Circle,PayPal,Shipped,Express
973,973,973,91,846.36,2/21/2021,53689 Vidon Avenue,PayPal,Pending,Next Day
974,974,974,81,685.83,2/9/2021,50 Hazelcrest Park,PayPal,Pending,Express
975,975,975,11,285.26,12/7/2021,3296 Porter Park,Credit Card,Delivered,Next Day
976,976,976,21,321.94,10/28/2021,79 Stuart Parkway,Cash,Pending,Standard
977,977,977,76,107.72,2/25/2021,41 6th Center,Credit Card,Pending,Next Day
978,978,978,71,926.63,5/24/2021,13 Talisman Drive,Cash,Shipped,Express
979,979,979,19,229.59,1/22/2021,57 Thompson Plaza,Cash,Pending,Express
980,980,980,40,466.78,8/19/2021,0 Troy Pass,Credit Card,Shipped,Express
981,981,981,13,43.57,11/1/2021,295 Waywood Trail,PayPal,Shipped,Standard
982,982,982,85,689.24,11/24/2021,4490 Mosinee Avenue,Cash,Delivered,Standard
983,983,983,86,61.09,10/14/2021,28 Morrow Street,Credit Card,Shipped,Express
984,984,984,98,268.41,6/12/2021,36877 Menomonie Plaza,PayPal,Delivered,Next Day
985,985,985,89,736.93,2/24/2021,2987 Thackeray Terrace,PayPal,Pending,Express
986,986,986,34,330.01,2/6/2021,314 Northridge Terrace,Cash,Delivered,Standard
987,987,987,31,681.8,3/3/2021,87832 Orin Pass,PayPal,Shipped,Standard
988,988,988,93,985.83,12/3/2021,7 Barby Plaza,Credit Card,Pending,Next Day
989,989,989,8,606.78,8/27/2021,101 International Junction,Credit Card,Pending,Standard
990,990,990,83,660.59,9/8/2021,439 Katie Junction,Credit Card,Delivered,Next Day
991,991,991,9,929.33,3/24/2021,4 Becker Alley,PayPal,Shipped,Next Day
992,992,992,65,716.53,4/11/2021,98402 Kropf Court,PayPal,Shipped,Express
993,993,993,59,711.62,5/14/2021,5 Mockingbird Junction,Credit Card,Delivered,Express
994,994,994,34,292.59,7/18/2021,97 Carpenter Trail,Credit Card,Delivered,Express
995,995,995,32,356.21,7/31/2021,4428 Parkside Lane,Cash,Shipped,Standard
996,996,996,81,43.56,5/29/2021,46374 Longview Park,Cash,Pending,Standard
997,997,997,90,147.98,8/8/2021,81089 Namekagon Terrace,PayPal,Pending,Standard
998,998,998,38,493.43,6/21/2021,4959 Cambridge Point,Credit Card,Pending,Next Day
999,999,999,27,654.05,12/22/2021,5522 Forest Dale Junction,Credit Card,Shipped,Next Day
1000,1000,1000,21,5.26,5/16/2021,8 Anhalt Point,PayPal,Delivered,Standard
